322,b55724a4-710b-8d5f-e4f0-64a4d19b1d26
1872,b55724a4-710b-8d5f-e4f0-64a4d19b1d26
5163,b55724a4-710b-8d5f-e4f0-64a4d19b1d26
1961,b55724a4-710b-8d5f-e4f0-64a4d19b1d26
5633,b55724a4-710b-8d5f-e4f0-64a4d19b1d26
5964,b55724a4-710b-8d5f-e4f0-64a4d19b1d26
313,b55724a4-710b-8d5f-e4f0-64a4d19b1d26
130,b55724a4-710b-8d5f-e4f0-64a4d19b1d26
699,b55724a4-710b-8d5f-e4f0-64a4d19b1d26
93,b55724a4-710b-8d5f-e4f0-64a4d19b1d26
899,b55724a4-710b-8d5f-e4f0-64a4d19b1d26
885,b55724a4-710b-8d5f-e4f0-64a4d19b1d26
87,b55724a4-710b-8d5f-e4f0-64a4d19b1d26
860,b55724a4-710b-8d5f-e4f0-64a4d19b1d26
820,b55724a4-710b-8d5f-e4f0-64a4d19b1d26
730,b55724a4-710b-8d5f-e4f0-64a4d19b1d26
702,b55724a4-710b-8d5f-e4f0-64a4d19b1d26
697,b55724a4-710b-8d5f-e4f0-64a4d19b1d26
682,b55724a4-710b-8d5f-e4f0-64a4d19b1d26
675,b55724a4-710b-8d5f-e4f0-64a4d19b1d26
674,b55724a4-710b-8d5f-e4f0-64a4d19b1d26
636,b55724a4-710b-8d5f-e4f0-64a4d19b1d26
617,b55724a4-710b-8d5f-e4f0-64a4d19b1d26
603,b55724a4-710b-8d5f-e4f0-64a4d19b1d26
6016,b55724a4-710b-8d5f-e4f0-64a4d19b1d26
5991,b55724a4-710b-8d5f-e4f0-64a4d19b1d26
597,b55724a4-710b-8d5f-e4f0-64a4d19b1d26
553,b55724a4-710b-8d5f-e4f0-64a4d19b1d26
534,b55724a4-710b-8d5f-e4f0-64a4d19b1d26
5222,b55724a4-710b-8d5f-e4f0-64a4d19b1d26
460,b55724a4-710b-8d5f-e4f0-64a4d19b1d26
458,b55724a4-710b-8d5f-e4f0-64a4d19b1d26
452,b55724a4-710b-8d5f-e4f0-64a4d19b1d26
419,b55724a4-710b-8d5f-e4f0-64a4d19b1d26
387,b55724a4-710b-8d5f-e4f0-64a4d19b1d26
304,b55724a4-710b-8d5f-e4f0-64a4d19b1d26
274,b55724a4-710b-8d5f-e4f0-64a4d19b1d26
262,b55724a4-710b-8d5f-e4f0-64a4d19b1d26
249,b55724a4-710b-8d5f-e4f0-64a4d19b1d26
222,b55724a4-710b-8d5f-e4f0-64a4d19b1d26
1889,b55724a4-710b-8d5f-e4f0-64a4d19b1d26
1905,b55724a4-710b-8d5f-e4f0-64a4d19b1d26
1896,b55724a4-710b-8d5f-e4f0-64a4d19b1d26
1877,b55724a4-710b-8d5f-e4f0-64a4d19b1d26
1813,b55724a4-710b-8d5f-e4f0-64a4d19b1d26
1688,b55724a4-710b-8d5f-e4f0-64a4d19b1d26
1644,b55724a4-710b-8d5f-e4f0-64a4d19b1d26
1610,b55724a4-710b-8d5f-e4f0-64a4d19b1d26
1406,b55724a4-710b-8d5f-e4f0-64a4d19b1d26
55,b55724a4-710b-8d5f-e4f0-64a4d19b1d26
30bc2bda-7cd8-8744-3d2f-64585af04f11,b55724a4-710b-8d5f-e4f0-64a4d19b1d26
761,b55724a4-710b-8d5f-e4f0-64a4d19b1d26
775,b55724a4-710b-8d5f-e4f0-64a4d19b1d26
533,b55724a4-710b-8d5f-e4f0-64a4d19b1d26
312,b55724a4-710b-8d5f-e4f0-64a4d19b1d26
106,b55724a4-710b-8d5f-e4f0-64a4d19b1d26
115,b55724a4-710b-8d5f-e4f0-64a4d19b1d26
1213,b55724a4-710b-8d5f-e4f0-64a4d19b1d26
1325,b55724a4-710b-8d5f-e4f0-64a4d19b1d26
1502,b55724a4-710b-8d5f-e4f0-64a4d19b1d26
1599,b55724a4-710b-8d5f-e4f0-64a4d19b1d26
171,b55724a4-710b-8d5f-e4f0-64a4d19b1d26
1766,b55724a4-710b-8d5f-e4f0-64a4d19b1d26
1800,b55724a4-710b-8d5f-e4f0-64a4d19b1d26
1029,b55724a4-710b-8d5f-e4f0-64a4d19b1d26
1030,b55724a4-710b-8d5f-e4f0-64a4d19b1d26
1031,b55724a4-710b-8d5f-e4f0-64a4d19b1d26
1057,b55724a4-710b-8d5f-e4f0-64a4d19b1d26
1078,b55724a4-710b-8d5f-e4f0-64a4d19b1d26
1084,b55724a4-710b-8d5f-e4f0-64a4d19b1d26
1092,b55724a4-710b-8d5f-e4f0-64a4d19b1d26
395,b55724a4-710b-8d5f-e4f0-64a4d19b1d26
1111,b55724a4-710b-8d5f-e4f0-64a4d19b1d26
1114,b55724a4-710b-8d5f-e4f0-64a4d19b1d26
1125,b55724a4-710b-8d5f-e4f0-64a4d19b1d26
1136,b55724a4-710b-8d5f-e4f0-64a4d19b1d26
1143,b55724a4-710b-8d5f-e4f0-64a4d19b1d26
1175,b55724a4-710b-8d5f-e4f0-64a4d19b1d26
1195,b55724a4-710b-8d5f-e4f0-64a4d19b1d26
1204,b55724a4-710b-8d5f-e4f0-64a4d19b1d26
1254,b55724a4-710b-8d5f-e4f0-64a4d19b1d26
906,b55724a4-710b-8d5f-e4f0-64a4d19b1d26
852,b55724a4-710b-8d5f-e4f0-64a4d19b1d26
655,b55724a4-710b-8d5f-e4f0-64a4d19b1d26
610,b55724a4-710b-8d5f-e4f0-64a4d19b1d26
456,b55724a4-710b-8d5f-e4f0-64a4d19b1d26
53,b55724a4-710b-8d5f-e4f0-64a4d19b1d26
267,b55724a4-710b-8d5f-e4f0-64a4d19b1d26
99,b55724a4-710b-8d5f-e4f0-64a4d19b1d26
903,b55724a4-710b-8d5f-e4f0-64a4d19b1d26
889,b55724a4-710b-8d5f-e4f0-64a4d19b1d26
886,b55724a4-710b-8d5f-e4f0-64a4d19b1d26
861,b55724a4-710b-8d5f-e4f0-64a4d19b1d26
86,b55724a4-710b-8d5f-e4f0-64a4d19b1d26
848,b55724a4-710b-8d5f-e4f0-64a4d19b1d26
833,b55724a4-710b-8d5f-e4f0-64a4d19b1d26
621,b55724a4-710b-8d5f-e4f0-64a4d19b1d26
76,b55724a4-710b-8d5f-e4f0-64a4d19b1d26
757,b55724a4-710b-8d5f-e4f0-64a4d19b1d26
750,b55724a4-710b-8d5f-e4f0-64a4d19b1d26
728,b55724a4-710b-8d5f-e4f0-64a4d19b1d26
724,b55724a4-710b-8d5f-e4f0-64a4d19b1d26
719,b55724a4-710b-8d5f-e4f0-64a4d19b1d26
700,b55724a4-710b-8d5f-e4f0-64a4d19b1d26
640,b55724a4-710b-8d5f-e4f0-64a4d19b1d26
634,b55724a4-710b-8d5f-e4f0-64a4d19b1d26
631,b55724a4-710b-8d5f-e4f0-64a4d19b1d26
6225,b55724a4-710b-8d5f-e4f0-64a4d19b1d26
614,b55724a4-710b-8d5f-e4f0-64a4d19b1d26
611,b55724a4-710b-8d5f-e4f0-64a4d19b1d26
604,b55724a4-710b-8d5f-e4f0-64a4d19b1d26
6005,b55724a4-710b-8d5f-e4f0-64a4d19b1d26
6002,b55724a4-710b-8d5f-e4f0-64a4d19b1d26
6,b55724a4-710b-8d5f-e4f0-64a4d19b1d26
5934,b55724a4-710b-8d5f-e4f0-64a4d19b1d26
282,b55724a4-710b-8d5f-e4f0-64a4d19b1d26
5763,b55724a4-710b-8d5f-e4f0-64a4d19b1d26
5730,b55724a4-710b-8d5f-e4f0-64a4d19b1d26
5639,b55724a4-710b-8d5f-e4f0-64a4d19b1d26
559,b55724a4-710b-8d5f-e4f0-64a4d19b1d26
5408,b55724a4-710b-8d5f-e4f0-64a4d19b1d26
540,b55724a4-710b-8d5f-e4f0-64a4d19b1d26
528,b55724a4-710b-8d5f-e4f0-64a4d19b1d26
189,b55724a4-710b-8d5f-e4f0-64a4d19b1d26
500,b55724a4-710b-8d5f-e4f0-64a4d19b1d26
50,b55724a4-710b-8d5f-e4f0-64a4d19b1d26
447,b55724a4-710b-8d5f-e4f0-64a4d19b1d26
311,b55724a4-710b-8d5f-e4f0-64a4d19b1d26
490,b55724a4-710b-8d5f-e4f0-64a4d19b1d26
489,b55724a4-710b-8d5f-e4f0-64a4d19b1d26
491,b55724a4-710b-8d5f-e4f0-64a4d19b1d26
476,b55724a4-710b-8d5f-e4f0-64a4d19b1d26
47,b55724a4-710b-8d5f-e4f0-64a4d19b1d26
46,b55724a4-710b-8d5f-e4f0-64a4d19b1d26
448,b55724a4-710b-8d5f-e4f0-64a4d19b1d26
439,b55724a4-710b-8d5f-e4f0-64a4d19b1d26
431,b55724a4-710b-8d5f-e4f0-64a4d19b1d26
2a462e13-3a54-0609-bbce-64a7fc65e9c9,b55724a4-710b-8d5f-e4f0-64a4d19b1d26
139,b55724a4-710b-8d5f-e4f0-64a4d19b1d26
15,b55724a4-710b-8d5f-e4f0-64a4d19b1d26
1805,b55724a4-710b-8d5f-e4f0-64a4d19b1d26
1909,b55724a4-710b-8d5f-e4f0-64a4d19b1d26
468,b55724a4-710b-8d5f-e4f0-64a4d19b1d26
568,b55724a4-710b-8d5f-e4f0-64a4d19b1d26
474,b55724a4-710b-8d5f-e4f0-64a4d19b1d26
49,b55724a4-710b-8d5f-e4f0-64a4d19b1d26
648,b55724a4-710b-8d5f-e4f0-64a4d19b1d26
687,b55724a4-710b-8d5f-e4f0-64a4d19b1d26
799,b55724a4-710b-8d5f-e4f0-64a4d19b1d26
1200,b55724a4-710b-8d5f-e4f0-64a4d19b1d26
1232,b55724a4-710b-8d5f-e4f0-64a4d19b1d26
1316,b55724a4-710b-8d5f-e4f0-64a4d19b1d26
1333,b55724a4-710b-8d5f-e4f0-64a4d19b1d26
1434,b55724a4-710b-8d5f-e4f0-64a4d19b1d26
1642,b55724a4-710b-8d5f-e4f0-64a4d19b1d26
1034,b55724a4-710b-8d5f-e4f0-64a4d19b1d26
1066,b55724a4-710b-8d5f-e4f0-64a4d19b1d26
109,b55724a4-710b-8d5f-e4f0-64a4d19b1d26
1105,b55724a4-710b-8d5f-e4f0-64a4d19b1d26
1108,b55724a4-710b-8d5f-e4f0-64a4d19b1d26
398,b55724a4-710b-8d5f-e4f0-64a4d19b1d26
402,b55724a4-710b-8d5f-e4f0-64a4d19b1d26
388,b55724a4-710b-8d5f-e4f0-64a4d19b1d26
36,b55724a4-710b-8d5f-e4f0-64a4d19b1d26
353,b55724a4-710b-8d5f-e4f0-64a4d19b1d26
340,b55724a4-710b-8d5f-e4f0-64a4d19b1d26
327,b55724a4-710b-8d5f-e4f0-64a4d19b1d26
325,b55724a4-710b-8d5f-e4f0-64a4d19b1d26
319,b55724a4-710b-8d5f-e4f0-64a4d19b1d26
317,b55724a4-710b-8d5f-e4f0-64a4d19b1d26
315,b55724a4-710b-8d5f-e4f0-64a4d19b1d26
292,b55724a4-710b-8d5f-e4f0-64a4d19b1d26
273,b55724a4-710b-8d5f-e4f0-64a4d19b1d26
271,b55724a4-710b-8d5f-e4f0-64a4d19b1d26
255,b55724a4-710b-8d5f-e4f0-64a4d19b1d26
1888,b55724a4-710b-8d5f-e4f0-64a4d19b1d26
243,b55724a4-710b-8d5f-e4f0-64a4d19b1d26
235,b55724a4-710b-8d5f-e4f0-64a4d19b1d26
6026,b55724a4-710b-8d5f-e4f0-64a4d19b1d26
1822,b55724a4-710b-8d5f-e4f0-64a4d19b1d26
347,b55724a4-710b-8d5f-e4f0-64a4d19b1d26
203,b55724a4-710b-8d5f-e4f0-64a4d19b1d26
879,b55724a4-710b-8d5f-e4f0-64a4d19b1d26
20,b55724a4-710b-8d5f-e4f0-64a4d19b1d26
2089,b55724a4-710b-8d5f-e4f0-64a4d19b1d26
1994,b55724a4-710b-8d5f-e4f0-64a4d19b1d26
1993,b55724a4-710b-8d5f-e4f0-64a4d19b1d26
578,b55724a4-710b-8d5f-e4f0-64a4d19b1d26
1986,b55724a4-710b-8d5f-e4f0-64a4d19b1d26
593,b55724a4-710b-8d5f-e4f0-64a4d19b1d26
1982,b55724a4-710b-8d5f-e4f0-64a4d19b1d26
1179,b55724a4-710b-8d5f-e4f0-64a4d19b1d26
1981,b55724a4-710b-8d5f-e4f0-64a4d19b1d26
1371,b55724a4-710b-8d5f-e4f0-64a4d19b1d26
224,b55724a4-710b-8d5f-e4f0-64a4d19b1d26
38,b55724a4-710b-8d5f-e4f0-64a4d19b1d26
554,b55724a4-710b-8d5f-e4f0-64a4d19b1d26
5777,b55724a4-710b-8d5f-e4f0-64a4d19b1d26
721,b55724a4-710b-8d5f-e4f0-64a4d19b1d26
805,b55724a4-710b-8d5f-e4f0-64a4d19b1d26
1451,b55724a4-710b-8d5f-e4f0-64a4d19b1d26
1215,b55724a4-710b-8d5f-e4f0-64a4d19b1d26
1953,b55724a4-710b-8d5f-e4f0-64a4d19b1d26
1950,b55724a4-710b-8d5f-e4f0-64a4d19b1d26
1936,b55724a4-710b-8d5f-e4f0-64a4d19b1d26
1926,b55724a4-710b-8d5f-e4f0-64a4d19b1d26
1921,b55724a4-710b-8d5f-e4f0-64a4d19b1d26
1563,b55724a4-710b-8d5f-e4f0-64a4d19b1d26
58,b55724a4-710b-8d5f-e4f0-64a4d19b1d26
5716,b55724a4-710b-8d5f-e4f0-64a4d19b1d26
5650,b55724a4-710b-8d5f-e4f0-64a4d19b1d26
561,b55724a4-710b-8d5f-e4f0-64a4d19b1d26
560,b55724a4-710b-8d5f-e4f0-64a4d19b1d26
5200,b55724a4-710b-8d5f-e4f0-64a4d19b1d26
5194,b55724a4-710b-8d5f-e4f0-64a4d19b1d26
5071,b55724a4-710b-8d5f-e4f0-64a4d19b1d26
5053,b55724a4-710b-8d5f-e4f0-64a4d19b1d26
505,b55724a4-710b-8d5f-e4f0-64a4d19b1d26
503,b55724a4-710b-8d5f-e4f0-64a4d19b1d26
495,b55724a4-710b-8d5f-e4f0-64a4d19b1d26
1908,b55724a4-710b-8d5f-e4f0-64a4d19b1d26
1885,b55724a4-710b-8d5f-e4f0-64a4d19b1d26
1884,b55724a4-710b-8d5f-e4f0-64a4d19b1d26
1874,b55724a4-710b-8d5f-e4f0-64a4d19b1d26
1873,b55724a4-710b-8d5f-e4f0-64a4d19b1d26
367,b55724a4-710b-8d5f-e4f0-64a4d19b1d26
187,b55724a4-710b-8d5f-e4f0-64a4d19b1d26
362,b55724a4-710b-8d5f-e4f0-64a4d19b1d26
1836,b55724a4-710b-8d5f-e4f0-64a4d19b1d26
1793,b55724a4-710b-8d5f-e4f0-64a4d19b1d26
1785,b55724a4-710b-8d5f-e4f0-64a4d19b1d26
1776,b55724a4-710b-8d5f-e4f0-64a4d19b1d26
342,b55724a4-710b-8d5f-e4f0-64a4d19b1d26
1765,b55724a4-710b-8d5f-e4f0-64a4d19b1d26
354,b55724a4-710b-8d5f-e4f0-64a4d19b1d26
14,b55724a4-710b-8d5f-e4f0-64a4d19b1d26
1514,b55724a4-710b-8d5f-e4f0-64a4d19b1d26
1615,b55724a4-710b-8d5f-e4f0-64a4d19b1d26
1727,b55724a4-710b-8d5f-e4f0-64a4d19b1d26
1639,b55724a4-710b-8d5f-e4f0-64a4d19b1d26
644,b55724a4-710b-8d5f-e4f0-64a4d19b1d26
161,b55724a4-710b-8d5f-e4f0-64a4d19b1d26
5999,b55724a4-710b-8d5f-e4f0-64a4d19b1d26
167,b55724a4-710b-8d5f-e4f0-64a4d19b1d26
865,b55724a4-710b-8d5f-e4f0-64a4d19b1d26
336,b55724a4-710b-8d5f-e4f0-64a4d19b1d26
1526,b55724a4-710b-8d5f-e4f0-64a4d19b1d26
335,b55724a4-710b-8d5f-e4f0-64a4d19b1d26
1569,b55724a4-710b-8d5f-e4f0-64a4d19b1d26
583,b55724a4-710b-8d5f-e4f0-64a4d19b1d26
624,9a11c853-5369-3733-688a-650941be9bcc
1971,9a11c853-5369-3733-688a-650941be9bcc
244,9a11c853-5369-3733-688a-650941be9bcc
510,9a11c853-5369-3733-688a-650941be9bcc
663,9a11c853-5369-3733-688a-650941be9bcc
818,9a11c853-5369-3733-688a-650941be9bcc
823,9a11c853-5369-3733-688a-650941be9bcc
1916,9a11c853-5369-3733-688a-650941be9bcc
5190,9a11c853-5369-3733-688a-650941be9bcc
1343,9a11c853-5369-3733-688a-650941be9bcc
1650,9a11c853-5369-3733-688a-650941be9bcc
1478,9a11c853-5369-3733-688a-650941be9bcc
330,9a11c853-5369-3733-688a-650941be9bcc
1752,9a11c853-5369-3733-688a-650941be9bcc
160,9a11c853-5369-3733-688a-650941be9bcc
1590,9a11c853-5369-3733-688a-650941be9bcc
2097,9a11c853-5369-3733-688a-650941be9bcc
1290,9a11c853-5369-3733-688a-650941be9bcc
323,9a11c853-5369-3733-688a-650941be9bcc
1455,9a11c853-5369-3733-688a-650941be9bcc
1565,9a11c853-5369-3733-688a-650941be9bcc
211,9a11c853-5369-3733-688a-650941be9bcc
892,9a11c853-5369-3733-688a-650941be9bcc
1543,9a11c853-5369-3733-688a-650941be9bcc
1661,9a11c853-5369-3733-688a-650941be9bcc
1562,9a11c853-5369-3733-688a-650941be9bcc
1551,9a11c853-5369-3733-688a-650941be9bcc
1524,9a11c853-5369-3733-688a-650941be9bcc
151,9a11c853-5369-3733-688a-650941be9bcc
206,9a11c853-5369-3733-688a-650941be9bcc
1500,9a11c853-5369-3733-688a-650941be9bcc
1710,9a11c853-5369-3733-688a-650941be9bcc
2055,9a11c853-5369-3733-688a-650941be9bcc
1992,9a11c853-5369-3733-688a-650941be9bcc
1707,9a11c853-5369-3733-688a-650941be9bcc
210,9a11c853-5369-3733-688a-650941be9bcc
1918,9a11c853-5369-3733-688a-650941be9bcc
464,9a11c853-5369-3733-688a-650941be9bcc
2071,9a11c853-5369-3733-688a-650941be9bcc
1249,9a11c853-5369-3733-688a-650941be9bcc
1636,9a11c853-5369-3733-688a-650941be9bcc
8,9a11c853-5369-3733-688a-650941be9bcc
902,9a11c853-5369-3733-688a-650941be9bcc
1459,9a11c853-5369-3733-688a-650941be9bcc
1703,9a11c853-5369-3733-688a-650941be9bcc
6281,9a11c853-5369-3733-688a-650941be9bcc
195,9a11c853-5369-3733-688a-650941be9bcc
2,9a11c853-5369-3733-688a-650941be9bcc
1685,9a11c853-5369-3733-688a-650941be9bcc
1690,9a11c853-5369-3733-688a-650941be9bcc
1641,9a11c853-5369-3733-688a-650941be9bcc
1633,9a11c853-5369-3733-688a-650941be9bcc
5796,9a11c853-5369-3733-688a-650941be9bcc
6124,9a11c853-5369-3733-688a-650941be9bcc
1939,9a11c853-5369-3733-688a-650941be9bcc
441,9a11c853-5369-3733-688a-650941be9bcc
1937,9a11c853-5369-3733-688a-650941be9bcc
409,9a11c853-5369-3733-688a-650941be9bcc
1935,9a11c853-5369-3733-688a-650941be9bcc
1616,9a11c853-5369-3733-688a-650941be9bcc
1924,9a11c853-5369-3733-688a-650941be9bcc
1390,9a11c853-5369-3733-688a-650941be9bcc
1118,9a11c853-5369-3733-688a-650941be9bcc
1051,9a11c853-5369-3733-688a-650941be9bcc
1106,9a11c853-5369-3733-688a-650941be9bcc
5029,9a11c853-5369-3733-688a-650941be9bcc
350,9a11c853-5369-3733-688a-650941be9bcc
213,9a11c853-5369-3733-688a-650941be9bcc
242,9a11c853-5369-3733-688a-650941be9bcc
1810,9a11c853-5369-3733-688a-650941be9bcc
1588,9a11c853-5369-3733-688a-650941be9bcc
1472,9a11c853-5369-3733-688a-650941be9bcc
5182,9a11c853-5369-3733-688a-650941be9bcc
519,9a11c853-5369-3733-688a-650941be9bcc
530,9a11c853-5369-3733-688a-650941be9bcc
698,9a11c853-5369-3733-688a-650941be9bcc
703,9a11c853-5369-3733-688a-650941be9bcc
74,9a11c853-5369-3733-688a-650941be9bcc
784,9a11c853-5369-3733-688a-650941be9bcc
536,9a11c853-5369-3733-688a-650941be9bcc
1503,9a11c853-5369-3733-688a-650941be9bcc
810,9a11c853-5369-3733-688a-650941be9bcc
1426,9a11c853-5369-3733-688a-650941be9bcc
845,9a11c853-5369-3733-688a-650941be9bcc
1448,9a11c853-5369-3733-688a-650941be9bcc
846,9a11c853-5369-3733-688a-650941be9bcc
862,9a11c853-5369-3733-688a-650941be9bcc
866,9a11c853-5369-3733-688a-650941be9bcc
870,9a11c853-5369-3733-688a-650941be9bcc
874,9a11c853-5369-3733-688a-650941be9bcc
876,9a11c853-5369-3733-688a-650941be9bcc
1508,9a11c853-5369-3733-688a-650941be9bcc
1536,9a11c853-5369-3733-688a-650941be9bcc
888,9a11c853-5369-3733-688a-650941be9bcc
898,9a11c853-5369-3733-688a-650941be9bcc
90,9a11c853-5369-3733-688a-650941be9bcc
96,9a11c853-5369-3733-688a-650941be9bcc
98,9a11c853-5369-3733-688a-650941be9bcc
517,9a11c853-5369-3733-688a-650941be9bcc
1559,9a11c853-5369-3733-688a-650941be9bcc
117,9a11c853-5369-3733-688a-650941be9bcc
1399,9a11c853-5369-3733-688a-650941be9bcc
1395,9a11c853-5369-3733-688a-650941be9bcc
188,9a11c853-5369-3733-688a-650941be9bcc
1808,9a11c853-5369-3733-688a-650941be9bcc
1291,9a11c853-5369-3733-688a-650941be9bcc
1209,9a11c853-5369-3733-688a-650941be9bcc
768,9a11c853-5369-3733-688a-650941be9bcc
1394,9a11c853-5369-3733-688a-650941be9bcc
662,9a11c853-5369-3733-688a-650941be9bcc
527,9a11c853-5369-3733-688a-650941be9bcc
1392,9a11c853-5369-3733-688a-650941be9bcc
511,9a11c853-5369-3733-688a-650941be9bcc
386,9a11c853-5369-3733-688a-650941be9bcc
228,9a11c853-5369-3733-688a-650941be9bcc
1274,9a11c853-5369-3733-688a-650941be9bcc
1228,9a11c853-5369-3733-688a-650941be9bcc
1208,9a11c853-5369-3733-688a-650941be9bcc
12,9a11c853-5369-3733-688a-650941be9bcc
378,9a11c853-5369-3733-688a-650941be9bcc
1121,9a11c853-5369-3733-688a-650941be9bcc
1086,9a11c853-5369-3733-688a-650941be9bcc
1079,9a11c853-5369-3733-688a-650941be9bcc
1009,9a11c853-5369-3733-688a-650941be9bcc
494,9a11c853-5369-3733-688a-650941be9bcc
1025,9a11c853-5369-3733-688a-650941be9bcc
1816,9a11c853-5369-3733-688a-650941be9bcc
1819,9a11c853-5369-3733-688a-650941be9bcc
1020,9a11c853-5369-3733-688a-650941be9bcc
1201,9a11c853-5369-3733-688a-650941be9bcc
1155,9a11c853-5369-3733-688a-650941be9bcc
1490,9a11c853-5369-3733-688a-650941be9bcc
1764,9a11c853-5369-3733-688a-650941be9bcc
296,9a11c853-5369-3733-688a-650941be9bcc
1489,9a11c853-5369-3733-688a-650941be9bcc
1522,9a11c853-5369-3733-688a-650941be9bcc
5379,9a11c853-5369-3733-688a-650941be9bcc
598,9a11c853-5369-3733-688a-650941be9bcc
791,9a11c853-5369-3733-688a-650941be9bcc
1397,9a11c853-5369-3733-688a-650941be9bcc
1828,9a11c853-5369-3733-688a-650941be9bcc
1850,9a11c853-5369-3733-688a-650941be9bcc
1812,9a11c853-5369-3733-688a-650941be9bcc
1491,9a11c853-5369-3733-688a-650941be9bcc
1811,9a11c853-5369-3733-688a-650941be9bcc
351,9a11c853-5369-3733-688a-650941be9bcc
463,9a11c853-5369-3733-688a-650941be9bcc
1803,9a11c853-5369-3733-688a-650941be9bcc
1797,9a11c853-5369-3733-688a-650941be9bcc
1438,9a11c853-5369-3733-688a-650941be9bcc
1315,9a11c853-5369-3733-688a-650941be9bcc
1332,9a11c853-5369-3733-688a-650941be9bcc
1763,9a11c853-5369-3733-688a-650941be9bcc
507,9a11c853-5369-3733-688a-650941be9bcc
572,9a11c853-5369-3733-688a-650941be9bcc
1469,9a11c853-5369-3733-688a-650941be9bcc
33,9a11c853-5369-3733-688a-650941be9bcc
443,9a11c853-5369-3733-688a-650941be9bcc
461,9a11c853-5369-3733-688a-650941be9bcc
268,9a11c853-5369-3733-688a-650941be9bcc
1744,9a11c853-5369-3733-688a-650941be9bcc
1767,9a11c853-5369-3733-688a-650941be9bcc
1775,9a11c853-5369-3733-688a-650941be9bcc
185,9a11c853-5369-3733-688a-650941be9bcc
539,9a11c853-5369-3733-688a-650941be9bcc
897,9a11c853-5369-3733-688a-650941be9bcc
1736,9a11c853-5369-3733-688a-650941be9bcc
1817,9a11c853-5369-3733-688a-650941be9bcc
1360,9a11c853-5369-3733-688a-650941be9bcc
566,9a11c853-5369-3733-688a-650941be9bcc
5752,9a11c853-5369-3733-688a-650941be9bcc
576,9a11c853-5369-3733-688a-650941be9bcc
39,9a11c853-5369-3733-688a-650941be9bcc
1584,9a11c853-5369-3733-688a-650941be9bcc
444,9a11c853-5369-3733-688a-650941be9bcc
1729,9a11c853-5369-3733-688a-650941be9bcc
1985,9a11c853-5369-3733-688a-650941be9bcc
5778,9a11c853-5369-3733-688a-650941be9bcc
1724,9a11c853-5369-3733-688a-650941be9bcc
1672,9a11c853-5369-3733-688a-650941be9bcc
1542,9a11c853-5369-3733-688a-650941be9bcc
13,9a11c853-5369-3733-688a-650941be9bcc
1461,9a11c853-5369-3733-688a-650941be9bcc
44,9a11c853-5369-3733-688a-650941be9bcc
1269,9a11c853-5369-3733-688a-650941be9bcc
1722,9a11c853-5369-3733-688a-650941be9bcc
595,9a11c853-5369-3733-688a-650941be9bcc
5962,9a11c853-5369-3733-688a-650941be9bcc
1196,9a11c853-5369-3733-688a-650941be9bcc
1700,9a11c853-5369-3733-688a-650941be9bcc
6105,9a11c853-5369-3733-688a-650941be9bcc
1178,9a11c853-5369-3733-688a-650941be9bcc
612,9a11c853-5369-3733-688a-650941be9bcc
1062,9a11c853-5369-3733-688a-650941be9bcc
170,9a11c853-5369-3733-688a-650941be9bcc
140,9a11c853-5369-3733-688a-650941be9bcc
1882,9a11c853-5369-3733-688a-650941be9bcc
1285,9a11c853-5369-3733-688a-650941be9bcc
1957,9a11c853-5369-3733-688a-650941be9bcc
1462,9a11c853-5369-3733-688a-650941be9bcc
397,9a11c853-5369-3733-688a-650941be9bcc
382,9a11c853-5369-3733-688a-650941be9bcc
5994,9a11c853-5369-3733-688a-650941be9bcc
1652,9a11c853-5369-3733-688a-650941be9bcc
1456,9a11c853-5369-3733-688a-650941be9bcc
504,9a11c853-5369-3733-688a-650941be9bcc
668,9a11c853-5369-3733-688a-650941be9bcc
6130,9a11c853-5369-3733-688a-650941be9bcc
201,9a11c853-5369-3733-688a-650941be9bcc
6172,9a11c853-5369-3733-688a-650941be9bcc
643,9a11c853-5369-3733-688a-650941be9bcc
660,9a11c853-5369-3733-688a-650941be9bcc
1422,9a11c853-5369-3733-688a-650941be9bcc
1883,9a11c853-5369-3733-688a-650941be9bcc
701,9a11c853-5369-3733-688a-650941be9bcc
5056,9a11c853-5369-3733-688a-650941be9bcc
1416,9a11c853-5369-3733-688a-650941be9bcc
1236,9a11c853-5369-3733-688a-650941be9bcc
68,9a11c853-5369-3733-688a-650941be9bcc
684,9a11c853-5369-3733-688a-650941be9bcc
707,9a11c853-5369-3733-688a-650941be9bcc
337,9a11c853-5369-3733-688a-650941be9bcc
358,9a11c853-5369-3733-688a-650941be9bcc
4,9a11c853-5369-3733-688a-650941be9bcc
413,9a11c853-5369-3733-688a-650941be9bcc
1772,9a11c853-5369-3733-688a-650941be9bcc
434,9a11c853-5369-3733-688a-650941be9bcc
1674,9a11c853-5369-3733-688a-650941be9bcc
872,9a11c853-5369-3733-688a-650941be9bcc
1605,9a11c853-5369-3733-688a-650941be9bcc
1400,9a11c853-5369-3733-688a-650941be9bcc
442,9a11c853-5369-3733-688a-650941be9bcc
450,9a11c853-5369-3733-688a-650941be9bcc
371,9a11c853-5369-3733-688a-650941be9bcc
143,9a11c853-5369-3733-688a-650941be9bcc
1021,9a11c853-5369-3733-688a-650941be9bcc
652,9a11c853-5369-3733-688a-650941be9bcc
1743,9a11c853-5369-3733-688a-650941be9bcc
623,9a11c853-5369-3733-688a-650941be9bcc
1558,9a11c853-5369-3733-688a-650941be9bcc
1381,9a11c853-5369-3733-688a-650941be9bcc
19,9a11c853-5369-3733-688a-650941be9bcc
455,9a11c853-5369-3733-688a-650941be9bcc
5780,9a11c853-5369-3733-688a-650941be9bcc
1529,9a11c853-5369-3733-688a-650941be9bcc
457,9a11c853-5369-3733-688a-650941be9bcc
138,9a11c853-5369-3733-688a-650941be9bcc
2069,9a11c853-5369-3733-688a-650941be9bcc
469,9a11c853-5369-3733-688a-650941be9bcc
537,9a11c853-5369-3733-688a-650941be9bcc
6f29d0ac-5fd0-db29-28de-64a8158398e9,b55724a4-710b-8d5f-e4f0-64a4d19b1d26
90517ddb-547a-084d-a525-64a991c49a93,b55724a4-710b-8d5f-e4f0-64a4d19b1d26
dffcde06-6236-9c77-ccc0-64a987b480e3,b55724a4-710b-8d5f-e4f0-64a4d19b1d26
243bf533-60af-13a8-3363-64a8151f94c7,b55724a4-710b-8d5f-e4f0-64a4d19b1d26
e22cdb41-fe89-2263-f365-6493235105e1,b55724a4-710b-8d5f-e4f0-64a4d19b1d26
939f27ae-1aad-c1b7-efaa-64a9886b03ca,b55724a4-710b-8d5f-e4f0-64a4d19b1d26
c68aada1-6cfc-d41c-bbc6-64931dbd26ce,b55724a4-710b-8d5f-e4f0-64a4d19b1d26
47fc67c9-7e26-e970-917a-64a815b107fc,b55724a4-710b-8d5f-e4f0-64a4d19b1d26
2d5dcc1d-8722-c80c-20ad-64a985d82865,b55724a4-710b-8d5f-e4f0-64a4d19b1d26
8a15f322-e2cb-9b19-e5a2-64a98ec393f0,b55724a4-710b-8d5f-e4f0-64a4d19b1d26
cfaf18ff-cc76-769f-00d7-64a8157fbe68,b55724a4-710b-8d5f-e4f0-64a4d19b1d26
57d7058a-2bc6-fe16-ec1d-64932523e112,b55724a4-710b-8d5f-e4f0-64a4d19b1d26
104e10ce-a681-704e-43ba-64a9d9a5746a,b55724a4-710b-8d5f-e4f0-64a4d19b1d26
71100e0a-f52f-79d8-4e72-64a81556221c,b55724a4-710b-8d5f-e4f0-64a4d19b1d26
60639e6d-8c8c-cc3f-739e-64a815a1611e,b55724a4-710b-8d5f-e4f0-64a4d19b1d26
a211e14e-6fd8-9e48-2837-64a9dc93deb6,b55724a4-710b-8d5f-e4f0-64a4d19b1d26
db765bac-2d24-568f-ce86-64a99cac185f,b55724a4-710b-8d5f-e4f0-64a4d19b1d26
cafcb3fb-c6c6-349a-0abf-64a9aae789e5,b55724a4-710b-8d5f-e4f0-64a4d19b1d26
3d4938c6-12d9-0496-c415-64931a8772a6,b55724a4-710b-8d5f-e4f0-64a4d19b1d26
13dd69b6-a7ef-0f40-527b-64a996ab4136,b55724a4-710b-8d5f-e4f0-64a4d19b1d26
9f031141-6fc9-21bf-9e50-64a815ab919f,b55724a4-710b-8d5f-e4f0-64a4d19b1d26
5c3db079-a8d6-61ad-d592-64a8150cfb8b,b55724a4-710b-8d5f-e4f0-64a4d19b1d26
5dc30a1e-506b-97ba-f9d3-64a9cd188df7,b55724a4-710b-8d5f-e4f0-64a4d19b1d26
667dfaf9-76cc-ce8a-b562-64a8158742a6,b55724a4-710b-8d5f-e4f0-64a4d19b1d26
91407f12-7585-ad2b-3a15-64a9bb06cc43,b55724a4-710b-8d5f-e4f0-64a4d19b1d26
979583c9-7b2d-b813-2129-64a815165569,b55724a4-710b-8d5f-e4f0-64a4d19b1d26
a72127f3-5fea-3afb-28bb-64a99de22e4b,b55724a4-710b-8d5f-e4f0-64a4d19b1d26
e6ac581a-e44c-6515-30d2-64a9b2007d9b,b55724a4-710b-8d5f-e4f0-64a4d19b1d26
8dae21ff-806e-ce16-9cbe-64a9aed14638,b55724a4-710b-8d5f-e4f0-64a4d19b1d26
741f2f25-141a-9ebd-56b1-64d222f7f6d7,b55724a4-710b-8d5f-e4f0-64a4d19b1d26
98781cf5-37fe-d6ff-bd76-64a9ab2f3b2d,b55724a4-710b-8d5f-e4f0-64a4d19b1d26
9f5df60d-7f6f-ce90-2d93-64a98a7ec6e8,b55724a4-710b-8d5f-e4f0-64a4d19b1d26
15bab2a9-355d-7f7a-3a50-64a9bdeaa227,b55724a4-710b-8d5f-e4f0-64a4d19b1d26
8e45883f-968b-ab5f-149c-64a815afeeff,b55724a4-710b-8d5f-e4f0-64a4d19b1d26
b72ec858-b533-3578-aa66-64a815e2d69c,b55724a4-710b-8d5f-e4f0-64a4d19b1d26
e875d9ff-6c99-7c2b-fb30-64a98aa1ce5e,b55724a4-710b-8d5f-e4f0-64a4d19b1d26
8915455d-a03c-89c1-de6a-64a9976fe4cc,b55724a4-710b-8d5f-e4f0-64a4d19b1d26
e9afea3c-7b11-be92-5689-64a9dc0d502f,b55724a4-710b-8d5f-e4f0-64a4d19b1d26
14fe907a-a238-45b4-0250-64a9b5a77ef0,b55724a4-710b-8d5f-e4f0-64a4d19b1d26
3edcd2d9-0323-c745-203c-6493179c6395,b55724a4-710b-8d5f-e4f0-64a4d19b1d26
235a6b1f-8d68-dba0-2f62-64a815936a44,b55724a4-710b-8d5f-e4f0-64a4d19b1d26
ba316b9c-0f7a-32af-3bfe-64a8157428be,b55724a4-710b-8d5f-e4f0-64a4d19b1d26
c1c0aa73-0de9-4f08-4c3f-64d3c595690e,b55724a4-710b-8d5f-e4f0-64a4d19b1d26
63da5100-c086-500c-636f-649316f38d3d,b55724a4-710b-8d5f-e4f0-64a4d19b1d26
a552ad91-bad0-7978-7780-64a815d83e22,b55724a4-710b-8d5f-e4f0-64a4d19b1d26
dce4e1cc-1647-9f4d-72f3-64d4708909c8,b55724a4-710b-8d5f-e4f0-64a4d19b1d26
f13dff63-b513-951d-e676-64d470a314fe,b55724a4-710b-8d5f-e4f0-64a4d19b1d26
71887297-71c6-2a97-d81b-64a8150cebc7,b55724a4-710b-8d5f-e4f0-64a4d19b1d26
1324ce42-0c3b-01de-b673-64a9cc1c452e,b55724a4-710b-8d5f-e4f0-64a4d19b1d26
2ddef6df-9cef-c47c-659d-64a9b93828ba,b55724a4-710b-8d5f-e4f0-64a4d19b1d26
1caec918-446e-a70f-f596-64a9c0d15f72,b55724a4-710b-8d5f-e4f0-64a4d19b1d26
6445379a-1400-6fad-e581-64a9dc5d9815,b55724a4-710b-8d5f-e4f0-64a4d19b1d26
e9509bd7-4d03-fdeb-57e7-64a99fc6e9d2,b55724a4-710b-8d5f-e4f0-64a4d19b1d26
c2a679d6-5dce-cbd9-1e3f-64d3c54f3dec,b55724a4-710b-8d5f-e4f0-64a4d19b1d26
ac03a180-57fb-d3a4-9d47-64a9cada013d,b55724a4-710b-8d5f-e4f0-64a4d19b1d26
e4e3726d-428c-3025-cab4-64a9a8351115,b55724a4-710b-8d5f-e4f0-64a4d19b1d26
62dd7dc6-5a68-5f08-e997-64a99e0fcd30,b55724a4-710b-8d5f-e4f0-64a4d19b1d26
b8390f9e-0d54-fbb1-8f1e-64a8156d8dcd,b55724a4-710b-8d5f-e4f0-64a4d19b1d26
7a93749c-1213-2cfc-a7cf-64a98c389735,b55724a4-710b-8d5f-e4f0-64a4d19b1d26
850e03e8-030b-eb85-8b86-64a98f7745ae,b55724a4-710b-8d5f-e4f0-64a4d19b1d26
93eff012-fa17-52a9-4f0c-64a9a1950a04,b55724a4-710b-8d5f-e4f0-64a4d19b1d26
5a82810b-53d1-f3e5-7597-64a98fdaad9e,b55724a4-710b-8d5f-e4f0-64a4d19b1d26
76468561-5d44-17c0-1668-64a9bd88a577,b55724a4-710b-8d5f-e4f0-64a4d19b1d26
a932fd57-031e-8712-8c12-64a985e11767,b55724a4-710b-8d5f-e4f0-64a4d19b1d26
cd2e82d2-e842-4f23-1b94-64d3c59791b7,b55724a4-710b-8d5f-e4f0-64a4d19b1d26
1400372b-ee03-d12c-67ad-64a81507c628,b55724a4-710b-8d5f-e4f0-64a4d19b1d26
8da198f8-cb12-b891-45bc-64a986f9420e,b55724a4-710b-8d5f-e4f0-64a4d19b1d26
1958ecea-2a52-4d01-4699-64a9d97a5358,b55724a4-710b-8d5f-e4f0-64a4d19b1d26
6a71c622-4a40-db35-bae5-64931c0bce14,b55724a4-710b-8d5f-e4f0-64a4d19b1d26
973c02da-7073-b8b2-18ad-64a99e7658ea,b55724a4-710b-8d5f-e4f0-64a4d19b1d26
ca51ee9f-17e6-2891-8b08-64a9a1af53ab,b55724a4-710b-8d5f-e4f0-64a4d19b1d26
8c8505af-49d4-59cc-5943-64a986d19c31,b55724a4-710b-8d5f-e4f0-64a4d19b1d26
4d95fc09-1e5c-c791-751e-649322778c71,b55724a4-710b-8d5f-e4f0-64a4d19b1d26
15241890-8879-33f2-8b97-64932556deba,b55724a4-710b-8d5f-e4f0-64a4d19b1d26
d2440ce6-d9fd-2563-2d3e-64a81570210b,b55724a4-710b-8d5f-e4f0-64a4d19b1d26
cf5b994c-c616-1185-edaa-64a815a3c77f,b55724a4-710b-8d5f-e4f0-64a4d19b1d26
cccbd2d0-fc55-ce2c-9874-64a8155e88a7,b55724a4-710b-8d5f-e4f0-64a4d19b1d26
cbc716b2-cdd5-18da-9c33-64a815ea6d37,b55724a4-710b-8d5f-e4f0-64a4d19b1d26
87df4e85-f9dd-c77f-22cf-64a982b6175b,b55724a4-710b-8d5f-e4f0-64a4d19b1d26
23ba6638-6e2f-9b92-9ee8-64a9a6164c5e,b55724a4-710b-8d5f-e4f0-64a4d19b1d26
b17bf54f-516c-c58e-868b-64a98ae3c56d,b55724a4-710b-8d5f-e4f0-64a4d19b1d26
d86c0be2-c9c2-5307-4f8e-64a99add1564,b55724a4-710b-8d5f-e4f0-64a4d19b1d26
ca3870c8-0398-d0b5-7be9-64a815e8d630,b55724a4-710b-8d5f-e4f0-64a4d19b1d26
c9c6358c-d10d-514e-facc-64a8156effc5,b55724a4-710b-8d5f-e4f0-64a4d19b1d26
c8e6c535-f962-c601-adaa-64a81592464e,b55724a4-710b-8d5f-e4f0-64a4d19b1d26
c782266b-b44b-842a-c9be-64a8152659d3,b55724a4-710b-8d5f-e4f0-64a4d19b1d26
c73d17a7-645c-d271-9a43-64a81594d1c7,b55724a4-710b-8d5f-e4f0-64a4d19b1d26
c4ddd68c-0b87-2be7-e8bb-64a815de9bba,b55724a4-710b-8d5f-e4f0-64a4d19b1d26
c477b3ce-d148-55ef-1c99-64a8156ead8c,b55724a4-710b-8d5f-e4f0-64a4d19b1d26
c4758a3e-04c6-a936-5007-64a815591f70,b55724a4-710b-8d5f-e4f0-64a4d19b1d26
c429a62a-ebea-9097-e9f0-64a815ef098c,b55724a4-710b-8d5f-e4f0-64a4d19b1d26
c274367a-9f59-49d5-ccf4-64a815d4b2c7,b55724a4-710b-8d5f-e4f0-64a4d19b1d26
c17eb41c-036f-8f37-20c8-64a81516762a,b55724a4-710b-8d5f-e4f0-64a4d19b1d26
bd2c96d8-0aa5-c38d-f951-64a8151c0639,b55724a4-710b-8d5f-e4f0-64a4d19b1d26
c200f284-537d-b26e-9879-64a815e3a236,b55724a4-710b-8d5f-e4f0-64a4d19b1d26
c1152aef-ac69-7606-144d-64a815d593c4,b55724a4-710b-8d5f-e4f0-64a4d19b1d26
bdece1de-fc78-4e92-df8b-64a815d4a615,b55724a4-710b-8d5f-e4f0-64a4d19b1d26
ba27707e-2b5c-419a-d18c-64a815f224bc,b55724a4-710b-8d5f-e4f0-64a4d19b1d26
b9c5f4ec-577b-ed0b-4ddc-64a815c3b68f,b55724a4-710b-8d5f-e4f0-64a4d19b1d26
b9b74d2d-cffd-5834-e92e-64a815b2a300,b55724a4-710b-8d5f-e4f0-64a4d19b1d26
b74b8d02-28c7-7094-fadd-64a815daa1d4,b55724a4-710b-8d5f-e4f0-64a4d19b1d26
b6b82845-e61d-f9d8-03a8-64a815adb542,b55724a4-710b-8d5f-e4f0-64a4d19b1d26
b6b17a29-e10f-d250-81bf-64a815a23de2,b55724a4-710b-8d5f-e4f0-64a4d19b1d26
b5296f56-4025-8f0f-ab5a-64a815cf22c8,b55724a4-710b-8d5f-e4f0-64a4d19b1d26
b41290d7-cb32-0484-9914-64a815e99236,b55724a4-710b-8d5f-e4f0-64a4d19b1d26
ada1e725-2209-5b95-2d18-64a8158e159b,b55724a4-710b-8d5f-e4f0-64a4d19b1d26
a5fe5545-e22d-592e-6d92-64a815189e4b,b55724a4-710b-8d5f-e4f0-64a4d19b1d26
a5e862cc-18f9-da0e-f3d3-64a815690c5b,b55724a4-710b-8d5f-e4f0-64a4d19b1d26
a5aca287-6829-4515-5f64-64a81513c399,b55724a4-710b-8d5f-e4f0-64a4d19b1d26
a9a3b971-82c2-c495-323a-64a815a09915,b55724a4-710b-8d5f-e4f0-64a4d19b1d26
a7d609be-ded3-2041-c41a-64a8158ed498,b55724a4-710b-8d5f-e4f0-64a4d19b1d26
a54450e1-2754-b7a0-6556-64a8150ea48b,b55724a4-710b-8d5f-e4f0-64a4d19b1d26
a41fe500-cddb-23b6-fd80-64a8154ebcf5,b55724a4-710b-8d5f-e4f0-64a4d19b1d26
a39a7a47-0a0a-57b9-5733-64a8157e9516,b55724a4-710b-8d5f-e4f0-64a4d19b1d26
a1c9630b-ca93-cae6-8fcb-64a81516fb17,b55724a4-710b-8d5f-e4f0-64a4d19b1d26
a1509e1c-11b0-febb-f4ec-64a815bbea70,b55724a4-710b-8d5f-e4f0-64a4d19b1d26
a1078cca-6e23-9a9f-3feb-64a8151f67ee,b55724a4-710b-8d5f-e4f0-64a4d19b1d26
9f8ac335-41e5-cdba-996a-64a815c9e6af,b55724a4-710b-8d5f-e4f0-64a4d19b1d26
9f315c42-7ad1-9cc5-b555-64a8156841c2,b55724a4-710b-8d5f-e4f0-64a4d19b1d26
9ee10c83-384f-a8af-9ccb-64a81510db9f,b55724a4-710b-8d5f-e4f0-64a4d19b1d26
9db5f2b9-e3ca-d56b-37ad-64a8154de527,b55724a4-710b-8d5f-e4f0-64a4d19b1d26
9cccaf38-ea63-c5e2-81e2-64a8154b06fb,b55724a4-710b-8d5f-e4f0-64a4d19b1d26
9c5a7127-748b-e109-1ec5-64a81507133c,b55724a4-710b-8d5f-e4f0-64a4d19b1d26
9981c2fc-9b51-6db9-3453-64a815dd05e9,b55724a4-710b-8d5f-e4f0-64a4d19b1d26
9887928f-b039-2c94-37f2-64a815def024,b55724a4-710b-8d5f-e4f0-64a4d19b1d26
8fe8b468-a6f1-6b7a-b071-64a81503eab7,b55724a4-710b-8d5f-e4f0-64a4d19b1d26
84858003-f9ef-e1d0-08c4-64a8156e65fc,b55724a4-710b-8d5f-e4f0-64a4d19b1d26
83777950-6f06-89ca-9625-64a81578363d,b55724a4-710b-8d5f-e4f0-64a4d19b1d26
8318be21-fec7-6bd2-0a7e-64a8157de000,b55724a4-710b-8d5f-e4f0-64a4d19b1d26
8279ce33-e89c-9388-d550-64a815fcdde4,b55724a4-710b-8d5f-e4f0-64a4d19b1d26
823d6f86-8acc-1a25-685c-64a815025887,b55724a4-710b-8d5f-e4f0-64a4d19b1d26
811d0b61-7dbd-3411-61a0-64a8158f4ac8,b55724a4-710b-8d5f-e4f0-64a4d19b1d26
805d4a68-85a9-10f2-7ed1-64a8151a2315,b55724a4-710b-8d5f-e4f0-64a4d19b1d26
7e6b0698-feb5-8b3b-621b-64a815a8c381,b55724a4-710b-8d5f-e4f0-64a4d19b1d26
7d92c553-8333-8165-4b17-64a815d96594,b55724a4-710b-8d5f-e4f0-64a4d19b1d26
7c5e0c85-e6cc-d84a-93be-64a815b14b7f,b55724a4-710b-8d5f-e4f0-64a4d19b1d26
799b1531-a253-466a-d811-64a815af8cb9,b55724a4-710b-8d5f-e4f0-64a4d19b1d26
7968a3f5-0130-f300-26f3-64a8156d6378,b55724a4-710b-8d5f-e4f0-64a4d19b1d26
7636877d-41be-d5bd-831d-64a8154e43df,b55724a4-710b-8d5f-e4f0-64a4d19b1d26
75e566c5-8684-6be3-b3fe-64a8156b8ebc,b55724a4-710b-8d5f-e4f0-64a4d19b1d26
7545faea-4e6f-356d-e1b0-64a815d00ea3,b55724a4-710b-8d5f-e4f0-64a4d19b1d26
72ea8c90-28da-24ac-d6c0-64a81587dd1f,b55724a4-710b-8d5f-e4f0-64a4d19b1d26
72c26581-7763-b467-dfe4-64a8159e5e16,b55724a4-710b-8d5f-e4f0-64a4d19b1d26
727828ea-6521-90c2-de4f-64a815796d32,b55724a4-710b-8d5f-e4f0-64a4d19b1d26
b218d18a-8fa7-c679-2cd9-64a815b169e6,b55724a4-710b-8d5f-e4f0-64a4d19b1d26
b1d65971-e7d6-32cb-3e20-64a81548e1af,b55724a4-710b-8d5f-e4f0-64a4d19b1d26
b1a30610-033c-88b4-e211-64a8150662ce,b55724a4-710b-8d5f-e4f0-64a4d19b1d26
b0c6991b-fbda-c1a9-71d7-64a81545d216,b55724a4-710b-8d5f-e4f0-64a4d19b1d26
ae9246f9-fc24-86cf-64b6-64a815e2c0a5,b55724a4-710b-8d5f-e4f0-64a4d19b1d26
ad79d62f-1956-8595-58f6-64a815474507,b55724a4-710b-8d5f-e4f0-64a4d19b1d26
ab7802a5-34e3-f9c1-b3dd-64a815448700,9a11c853-5369-3733-688a-650941be9bcc
97fbed03-3af2-559f-dcd1-64a8152de7f5,9a11c853-5369-3733-688a-650941be9bcc
95e7fbb9-b00e-3f5b-c228-64a8151ae544,9a11c853-5369-3733-688a-650941be9bcc
91551189-b021-d52b-6737-64a8155d9a42,9a11c853-5369-3733-688a-650941be9bcc
9110f072-eacc-2d59-febc-64a815c1732c,9a11c853-5369-3733-688a-650941be9bcc
8f98e7c4-ea0d-d846-3ec0-64a8152bced8,9a11c853-5369-3733-688a-650941be9bcc
8eef5981-d091-65fc-fbc3-64a8158f64a8,9a11c853-5369-3733-688a-650941be9bcc
8e7618b6-c9ab-597d-c56f-64a815f060e8,9a11c853-5369-3733-688a-650941be9bcc
8dffbd2c-26c2-5871-19b9-64a815e05c9c,9a11c853-5369-3733-688a-650941be9bcc
8ce7f8a6-aa92-4837-cda4-64a815eeb01f,9a11c853-5369-3733-688a-650941be9bcc
8b1e42ee-718e-3a07-dc42-64a815e83bba,9a11c853-5369-3733-688a-650941be9bcc
8aa91909-4699-290c-c75f-64a815cd9c98,9a11c853-5369-3733-688a-650941be9bcc
8a1cf96c-b59c-9d9d-e09f-64a8159b13b8,9a11c853-5369-3733-688a-650941be9bcc
88635e21-2891-b0fb-9190-64a815576663,9a11c853-5369-3733-688a-650941be9bcc
884f4a45-1fb0-62fe-a3d5-64a81579d43e,9a11c853-5369-3733-688a-650941be9bcc
884bba0a-fe16-da4a-889f-64a81538977e,9a11c853-5369-3733-688a-650941be9bcc
87f09efc-8aff-9fa3-2d2d-64a81555b1a4,9a11c853-5369-3733-688a-650941be9bcc
86d465aa-59d5-6320-c8c7-64a815f57639,9a11c853-5369-3733-688a-650941be9bcc
86cc50ba-69f3-14a7-8249-64a815943bf9,9a11c853-5369-3733-688a-650941be9bcc
864ff0a8-4988-8027-5b23-64a8157365cb,9a11c853-5369-3733-688a-650941be9bcc
713296ce-0b0b-c403-46af-64a8152800f9,9a11c853-5369-3733-688a-650941be9bcc
70f010da-d2ce-0c64-ed44-64a815047a92,9a11c853-5369-3733-688a-650941be9bcc
709f00c9-1f27-477a-059c-64a815ced382,9a11c853-5369-3733-688a-650941be9bcc
70590258-e1f8-baab-ed69-64a815158e1e,9a11c853-5369-3733-688a-650941be9bcc
702e53a5-aff6-6474-ffdd-64a815863571,9a11c853-5369-3733-688a-650941be9bcc
6ede975a-89fd-8298-8d5c-64a815a59cd0,9a11c853-5369-3733-688a-650941be9bcc
6808e5eb-f12b-870e-ebee-64a815a6942a,9a11c853-5369-3733-688a-650941be9bcc
67b50d23-a0c0-f65d-1082-64a81522e080,9a11c853-5369-3733-688a-650941be9bcc
65bc2a65-1010-23d8-d664-64a815f912fe,9a11c853-5369-3733-688a-650941be9bcc
65ad832f-b0ba-62a6-f6ef-64a8153c2543,9a11c853-5369-3733-688a-650941be9bcc
6549795d-7ad9-6990-1324-64a815c84504,9a11c853-5369-3733-688a-650941be9bcc
6508571c-c472-9473-4b31-64a81514787f,9a11c853-5369-3733-688a-650941be9bcc
638ec558-5712-8e50-ebad-64a815fba1b0,9a11c853-5369-3733-688a-650941be9bcc
62b7d1e8-52ec-58a9-fb17-64a815af65d0,9a11c853-5369-3733-688a-650941be9bcc
61ce1930-370d-bf5f-2059-64a815ff9bc3,9a11c853-5369-3733-688a-650941be9bcc
6111109e-df3f-f61d-9cca-64a815b0a23f,9a11c853-5369-3733-688a-650941be9bcc
5f169f0e-f0b2-96d8-1e75-64a81565441d,9a11c853-5369-3733-688a-650941be9bcc
5ea3b56d-f070-1623-7121-64a81504f168,9a11c853-5369-3733-688a-650941be9bcc
b8530e7d-a462-283a-b42c-64a9a1543972,9a11c853-5369-3733-688a-650941be9bcc
7eaa9494-8af2-05d1-50cf-649320e9c70d,9a11c853-5369-3733-688a-650941be9bcc
b67909e4-bf29-eecd-6f3a-64cdbfe94958,9a11c853-5369-3733-688a-650941be9bcc
7de36f1b-0679-9001-52d9-64cc8ca4db74,9a11c853-5369-3733-688a-650941be9bcc
296e3de1-c29f-36b9-960d-64d3c5908bb8,9a11c853-5369-3733-688a-650941be9bcc
94e2a077-07b3-c55f-4b6d-64a815acd38f,9a11c853-5369-3733-688a-650941be9bcc
2a7a48df-39eb-0db2-a74b-64a9c9710790,9a11c853-5369-3733-688a-650941be9bcc
8dcde15e-3f04-a7a5-5102-64a9d518e96b,9a11c853-5369-3733-688a-650941be9bcc
98736853-f76f-7189-67f0-64af89400298,9a11c853-5369-3733-688a-650941be9bcc
e06d987d-8d80-40ad-6b2e-64a81572280c,9a11c853-5369-3733-688a-650941be9bcc
6f67b121-110a-3009-b556-64a9cd0fbdf3,9a11c853-5369-3733-688a-650941be9bcc
13381ff4-d8ba-08f4-c023-64af896a84ed,9a11c853-5369-3733-688a-650941be9bcc
46605923-a88b-07a7-1738-64a99ba5d26d,9a11c853-5369-3733-688a-650941be9bcc
58b8b8b8-aa4e-95b0-bd6c-64a9d8ff8455,9a11c853-5369-3733-688a-650941be9bcc
c72cea11-4878-032c-4ead-64d4708efa8c,9a11c853-5369-3733-688a-650941be9bcc
8e42de02-bdf0-5ea0-5c62-64a815ac4d3e,9a11c853-5369-3733-688a-650941be9bcc
6ab5f5d7-4397-e02a-b1bf-64af8ca91cd5,9a11c853-5369-3733-688a-650941be9bcc
acca0cbe-73c0-6d4b-8f03-64a9be10c5c6,9a11c853-5369-3733-688a-650941be9bcc
5a477a81-79bd-2ad5-a6de-64a8156759b9,9a11c853-5369-3733-688a-650941be9bcc
7aafacc2-8695-81fc-6c84-64a9dc757871,9a11c853-5369-3733-688a-650941be9bcc
4462add3-bbc2-154a-0d5c-6493118af3ff,9a11c853-5369-3733-688a-650941be9bcc
45af0b89-75a9-45ae-31ba-64d470e61ba2,9a11c853-5369-3733-688a-650941be9bcc
cb7fd4b5-a2ee-b80e-7bbf-64d47044df4d,9a11c853-5369-3733-688a-650941be9bcc
edd47a33-1d09-5805-1c8c-64a997729584,9a11c853-5369-3733-688a-650941be9bcc
5767b8fd-501d-b1ec-bced-64a81589cbae,9a11c853-5369-3733-688a-650941be9bcc
6454e243-3bb8-82f0-26ac-64a9c3997101,9a11c853-5369-3733-688a-650941be9bcc
abd22f47-e293-8e1d-4fe9-64a9daf1b9bf,9a11c853-5369-3733-688a-650941be9bcc
2fed10ff-2863-0dbe-7dcb-64af8960be4b,9a11c853-5369-3733-688a-650941be9bcc
3180e469-22ae-2591-900a-64b154d9cdef,9a11c853-5369-3733-688a-650941be9bcc
873b24f0-1755-b56f-77b7-64a9b8b4b7ec,9a11c853-5369-3733-688a-650941be9bcc
28d60286-6a39-218e-891a-6493207cf708,9a11c853-5369-3733-688a-650941be9bcc
e9fdf303-54c0-4d62-4ebd-64a81554639c,9a11c853-5369-3733-688a-650941be9bcc
f0cf0e40-e3b3-8e8a-cb0e-64a81574324f,9a11c853-5369-3733-688a-650941be9bcc
ed0004f2-29ed-e478-7915-64a99e13c5f2,9a11c853-5369-3733-688a-650941be9bcc
bd266cc3-9e63-a5bf-497a-64a9cd868c19,9a11c853-5369-3733-688a-650941be9bcc
137133e1-03a1-66a1-71a4-64a98cf0bf0c,9a11c853-5369-3733-688a-650941be9bcc
aac566c5-a613-3955-764f-64b1546d1bc5,9a11c853-5369-3733-688a-650941be9bcc
4eba0156-ad91-0cae-a0f6-64a8152469ad,9a11c853-5369-3733-688a-650941be9bcc
524f9371-9bc4-51c3-afd2-64a98b05cc75,9a11c853-5369-3733-688a-650941be9bcc
e8681fe6-1f6e-3558-2c05-64a815a328b2,9a11c853-5369-3733-688a-650941be9bcc
f0626dcf-24fb-b85f-a6b8-64a815107442,9a11c853-5369-3733-688a-650941be9bcc
2d1e5e90-1004-903d-8c0e-64a9bcb25b3f,9a11c853-5369-3733-688a-650941be9bcc
a10769a0-ee5f-9b2a-8ad9-64a9cd7152c2,9a11c853-5369-3733-688a-650941be9bcc
6d760a57-8e4d-9631-cd2e-64a9a233f069,9a11c853-5369-3733-688a-650941be9bcc
9bc1e4a5-61ff-692a-49a3-64cc8bf3f853,9a11c853-5369-3733-688a-650941be9bcc
d1b4a094-8bfe-6f04-03e6-64cc8bf378d5,9a11c853-5369-3733-688a-650941be9bcc
2d52874b-bb3d-ac68-29f7-64af52b41bf3,9a11c853-5369-3733-688a-650941be9bcc
96b9e7bc-81f8-9393-4bec-64a815f73832,9a11c853-5369-3733-688a-650941be9bcc
36599274-285a-839c-78df-64a9d311c15e,9a11c853-5369-3733-688a-650941be9bcc
301723ef-51b0-b734-f267-64a9acafb428,9a11c853-5369-3733-688a-650941be9bcc
33a36fa0-8041-ff4d-d730-64d3c5dfb052,9a11c853-5369-3733-688a-650941be9bcc
d3e095f0-c238-b4c8-3749-64d221c9c37c,9a11c853-5369-3733-688a-650941be9bcc
d6bf50bd-c001-cd0f-fd3e-64af8c50072b,9a11c853-5369-3733-688a-650941be9bcc
5e7247c5-5dcd-b338-56a7-64a81565331a,9a11c853-5369-3733-688a-650941be9bcc
2cd38d7e-d197-0ec9-eba2-64a988a254d3,9a11c853-5369-3733-688a-650941be9bcc
5dfda615-4e37-b694-01ca-64a8157cd6cc,9a11c853-5369-3733-688a-650941be9bcc
5db979fd-4797-3916-70e9-64a8152ad3bc,9a11c853-5369-3733-688a-650941be9bcc
58b45a9a-4e76-c5c9-2e8d-64a815ef7eec,9a11c853-5369-3733-688a-650941be9bcc
57a12b0e-400c-79e5-faf2-64a8152f16d8,9a11c853-5369-3733-688a-650941be9bcc
579cb1e0-d299-e707-5e32-64a8158f758f,9a11c853-5369-3733-688a-650941be9bcc
61171c92-db0e-cfe8-4c2c-64a99a682207,9a11c853-5369-3733-688a-650941be9bcc
56d5d02a-3dc5-92f4-c264-64a8152708a6,9a11c853-5369-3733-688a-650941be9bcc
55b9dd89-bc06-dfce-1679-64a815b62dcd,9a11c853-5369-3733-688a-650941be9bcc
547f342c-cb71-f0db-0572-64a815b1e409,9a11c853-5369-3733-688a-650941be9bcc
affca328-232a-f566-5a00-64a815ea66b0,9a11c853-5369-3733-688a-650941be9bcc
92626d67-e65d-80fe-14f7-64a9cd538dc8,9a11c853-5369-3733-688a-650941be9bcc
214a234f-fb88-0ff6-6632-64a98a62cccb,9a11c853-5369-3733-688a-650941be9bcc
6d7c7f89-0410-9252-d568-64a9d39c2efa,9a11c853-5369-3733-688a-650941be9bcc
4e0b739d-bf01-b6df-191f-64a8152a683d,9a11c853-5369-3733-688a-650941be9bcc
420c0b06-7f5c-5719-ddf2-64a8157bb8aa,9a11c853-5369-3733-688a-650941be9bcc
e26d15f5-28e9-c53b-391c-64a9d5f1aa87,9a11c853-5369-3733-688a-650941be9bcc
d8afe9b8-f68b-fb93-54d6-64a99964ac55,9a11c853-5369-3733-688a-650941be9bcc
d5a49799-5f73-54fb-4a42-64a815c3d8bd,9a11c853-5369-3733-688a-650941be9bcc
4272eda2-119c-9513-6a8a-64931a3d1bde,9a11c853-5369-3733-688a-650941be9bcc
acfd6ff7-d508-e832-7815-64a98dd87c67,9a11c853-5369-3733-688a-650941be9bcc
134323ab-faf3-6d23-a571-64a99c6556a7,9a11c853-5369-3733-688a-650941be9bcc
710755fd-f1f7-edf9-78c4-64a8159af05f,9a11c853-5369-3733-688a-650941be9bcc
31aa3691-3ea9-924d-40e3-6493259a5875,9a11c853-5369-3733-688a-650941be9bcc
439ee260-17e6-3aa3-865f-64a9db19b6b3,9a11c853-5369-3733-688a-650941be9bcc
2a082b46-3ffb-89ff-d27a-64af8cec93a5,9a11c853-5369-3733-688a-650941be9bcc
4c527925-c7c9-caf6-a8c8-64a9dba546ce,9a11c853-5369-3733-688a-650941be9bcc
5cf61a24-e448-fb16-9a34-64931a0db4e0,9a11c853-5369-3733-688a-650941be9bcc
272e8150-206e-76b9-1086-64a98803cfcf,9a11c853-5369-3733-688a-650941be9bcc
bc6fad7b-c344-d11d-3584-64a81581a5c5,9a11c853-5369-3733-688a-650941be9bcc
8be3781b-b101-7dd4-1a7a-64af8c6249a2,9a11c853-5369-3733-688a-650941be9bcc
bed395f0-e86a-7a5b-1ca6-64a9c0a1f644,9a11c853-5369-3733-688a-650941be9bcc
4c7efc40-7310-b4a4-442f-64a9ac1de2b7,9a11c853-5369-3733-688a-650941be9bcc
df0e6de7-49b0-eff5-baab-64a9891c3b52,9a11c853-5369-3733-688a-650941be9bcc
df5cb70d-064f-fb17-7d19-64a9af105f97,9a11c853-5369-3733-688a-650941be9bcc
4d9d5955-fcb9-15d0-4772-64a815899377,9a11c853-5369-3733-688a-650941be9bcc
268f94be-96e9-dd17-807f-649318f886dd,9a11c853-5369-3733-688a-650941be9bcc
eb8e9048-9dea-0ba7-d7a8-64a815e47cb1,9a11c853-5369-3733-688a-650941be9bcc
d0428583-bf5b-4a63-0b1d-64af89d696f9,9a11c853-5369-3733-688a-650941be9bcc
ad8a7cae-ea3f-d3dd-893f-64932439d39b,9a11c853-5369-3733-688a-650941be9bcc
89d7a68b-b060-f52c-b1fe-64a98a407883,9a11c853-5369-3733-688a-650941be9bcc
b79a7b17-d254-9c82-1ba5-64a9a4ddd117,9a11c853-5369-3733-688a-650941be9bcc
d678391c-4f4e-e781-a353-649321971b03,9a11c853-5369-3733-688a-650941be9bcc
8e87656a-6444-0ff2-b691-64a9bf574417,9a11c853-5369-3733-688a-650941be9bcc
e4da1f7a-3a61-cf84-5b54-64a9ac8c7188,9a11c853-5369-3733-688a-650941be9bcc
5742c261-147b-9947-7794-64a9a28b8c17,9a11c853-5369-3733-688a-650941be9bcc
c6ef78db-7ea7-3a1c-3785-64a81500e464,9a11c853-5369-3733-688a-650941be9bcc
df3722ae-3d73-d0c9-cdec-64a9b5981308,9a11c853-5369-3733-688a-650941be9bcc
6ca453b6-f84f-9159-6785-649322b83f97,9a11c853-5369-3733-688a-650941be9bcc
c3be7035-0f5d-5d06-37f3-64a8152f4b70,9a11c853-5369-3733-688a-650941be9bcc
a0a1b7da-b974-11be-0ed4-64a9cc999639,9a11c853-5369-3733-688a-650941be9bcc
cd483872-5154-b5a6-a9cb-64a997f2cf1f,9a11c853-5369-3733-688a-650941be9bcc
bdefa2dd-c15a-8642-f30a-64a8153f3b3e,9a11c853-5369-3733-688a-650941be9bcc
94f16842-5c25-5d61-0a73-64a9bc768b01,9a11c853-5369-3733-688a-650941be9bcc
7fa71f5c-0dae-deec-3522-64a9a25027cb,9a11c853-5369-3733-688a-650941be9bcc
a73fc8de-563e-49d1-bbf3-64a9dce6aef2,9a11c853-5369-3733-688a-650941be9bcc
cba0c318-007c-de53-ba2f-64a999691961,9a11c853-5369-3733-688a-650941be9bcc
a0dc67f0-3ac6-3b30-64dd-64a988639fcc,9a11c853-5369-3733-688a-650941be9bcc
lead_id,USER
37e68511-34e9-a3d2-da0e-64f04c7c2ef2,9a11c853-5369-3733-688a-650941be9bcc
ecd808ce-226b-6340-b173-64efefe0a92c,9a11c853-5369-3733-688a-650941be9bcc
343148d4-f604-d5c1-d142-64cb9991e8af,9a11c853-5369-3733-688a-650941be9bcc
6c236952-235b-d829-4d77-64eeeb5493a9,9a11c853-5369-3733-688a-650941be9bcc
67c47399-af80-4a9d-d46b-64eeebf797c9,9a11c853-5369-3733-688a-650941be9bcc
958acaec-9413-4b84-a4a5-64eedd399ea2,9a11c853-5369-3733-688a-650941be9bcc
85663486-19ec-b601-119c-64eee67c8f41,9a11c853-5369-3733-688a-650941be9bcc
6c267c95-3926-eb16-2576-64eedf321926,9a11c853-5369-3733-688a-650941be9bcc
e3e1ab8b-b932-7672-9ea1-64eede694341,9a11c853-5369-3733-688a-650941be9bcc
966586c2-13b3-36b1-583d-64eede7f6efe,9a11c853-5369-3733-688a-650941be9bcc
242b6c83-73ac-b5fe-a994-64ed4b22d9ed,9a11c853-5369-3733-688a-650941be9bcc
44f6639e-a14f-3953-4aa0-64edc642361e,9a11c853-5369-3733-688a-650941be9bcc
251c3a2b-783c-0d1a-766e-64d074006929,9a11c853-5369-3733-688a-650941be9bcc
7c77c58b-da2c-cc00-5c29-64ed8b89cc46,9a11c853-5369-3733-688a-650941be9bcc
581d279e-bcc4-452c-db04-64edbbcf07a4,9a11c853-5369-3733-688a-650941be9bcc
48f99275-daaf-4c2c-ecf4-64ed7061b5d5,9a11c853-5369-3733-688a-650941be9bcc
14507837-38b3-b8d6-f574-64ebfd60e41b,9a11c853-5369-3733-688a-650941be9bcc
30ad0dce-70a6-0a27-95c5-64ed8c220da7,9a11c853-5369-3733-688a-650941be9bcc
a2120bc9-9ca3-3905-04cb-64ed701d9b29,9a11c853-5369-3733-688a-650941be9bcc
6e619b38-ba0a-de4a-32d4-64e97293640d,9a11c853-5369-3733-688a-650941be9bcc
7e62e5c2-ea6a-be42-a185-64ed6f85ab0c,9a11c853-5369-3733-688a-650941be9bcc
47033b3b-c567-0998-bf90-64e986280ffc,9a11c853-5369-3733-688a-650941be9bcc
777d8c4c-5a13-1789-21fc-64ec5c049d30,9a11c853-5369-3733-688a-650941be9bcc
7637351a-877c-7b30-35c7-64ec0ccf0bbd,9a11c853-5369-3733-688a-650941be9bcc
30184094-0f4e-6d71-4923-64ec121244ee,9a11c853-5369-3733-688a-650941be9bcc
eb66a70a-d5f4-4dc8-5f9c-64ec04e9a76f,9a11c853-5369-3733-688a-650941be9bcc
77c34e2b-03e3-f88c-a5cf-64ed6bae5f31,9a11c853-5369-3733-688a-650941be9bcc
1abb6abc-cbf6-c9b5-b7f1-64e88190ddd8,9a11c853-5369-3733-688a-650941be9bcc
eb0503aa-e8ae-eb2a-c9e8-64ed6aef0113,9a11c853-5369-3733-688a-650941be9bcc
5f0393a8-8241-902d-c22c-64ed5374b4d8,9a11c853-5369-3733-688a-650941be9bcc
c1cf0c2c-fc01-8fbc-0d5c-64ec035de251,9a11c853-5369-3733-688a-650941be9bcc
af71e21e-4352-c8c0-40f7-64e88260d9bd,9a11c853-5369-3733-688a-650941be9bcc
c8f8f422-420a-ccb3-2bd1-64ec149ee22c,9a11c853-5369-3733-688a-650941be9bcc
92a2c96b-80ba-1555-952a-64e95919e671,9a11c853-5369-3733-688a-650941be9bcc
9d2609fa-6b7e-6ba3-389b-64e95a51ca6e,9a11c853-5369-3733-688a-650941be9bcc
d12700e7-c276-8a44-b9a8-64e85846aa02,9a11c853-5369-3733-688a-650941be9bcc
b2dc14ea-873e-042b-3423-64ed524ddd80,9a11c853-5369-3733-688a-650941be9bcc
42090f8e-b611-5083-0e9e-64e95953010f,9a11c853-5369-3733-688a-650941be9bcc
ad7dbe36-6749-56bc-858e-64e95be91451,9a11c853-5369-3733-688a-650941be9bcc
b2be3055-44de-fac6-f9b5-64e963075293,9a11c853-5369-3733-688a-650941be9bcc
54dc3366-fd90-810b-5db9-64ec1d60d5e9,9a11c853-5369-3733-688a-650941be9bcc
56250a05-8ee4-ae02-b85c-64ec43107904,9a11c853-5369-3733-688a-650941be9bcc
7abe61cc-919d-241b-fc67-64ed4a63f6fd,9a11c853-5369-3733-688a-650941be9bcc
5aa1b72a-d12b-f983-472d-64ec6a137c32,9a11c853-5369-3733-688a-650941be9bcc
ce5ff052-0e6f-34ee-8fc4-64d9c4d3968b,9a11c853-5369-3733-688a-650941be9bcc
8b118af5-ba3c-88bc-37e4-64e72cdce00d,9a11c853-5369-3733-688a-650941be9bcc
3e9dd881-d315-465b-ee7a-64e845243be9,9a11c853-5369-3733-688a-650941be9bcc
1addc7e9-7669-4b20-1f74-64e82fa50c3e,9a11c853-5369-3733-688a-650941be9bcc
281ff31d-4544-7cf3-6875-64d07878edbd,9a11c853-5369-3733-688a-650941be9bcc
eb626753-8278-24aa-1645-64d04cb766da,9a11c853-5369-3733-688a-650941be9bcc
b6b2f393-8ec0-219b-8d43-64d04be3455f,9a11c853-5369-3733-688a-650941be9bcc
5ebd1655-f765-bbbe-2274-64cdcb2f1a9e,9a11c853-5369-3733-688a-650941be9bcc
1145206e-282d-e990-241c-64e80f20c4f9,9a11c853-5369-3733-688a-650941be9bcc
686b0974-b800-43dd-b8bb-64e810fbc211,9a11c853-5369-3733-688a-650941be9bcc
88d93f0d-2f45-650e-b524-64e80ec2020c,9a11c853-5369-3733-688a-650941be9bcc
19bd6bbb-1705-d4e2-a172-64cb27dcd6f7,9a11c853-5369-3733-688a-650941be9bcc
1aedcd5a-b6ff-ed44-deb9-64d2f1c9e1cf,9a11c853-5369-3733-688a-650941be9bcc
4f8d66b5-c9b2-2773-d607-64cc9d10853e,9a11c853-5369-3733-688a-650941be9bcc
df4e6430-1143-a03b-34e5-64e7195d56c1,9a11c853-5369-3733-688a-650941be9bcc
4f37e7ca-dbad-913f-3e2c-64e6bd8a8170,9a11c853-5369-3733-688a-650941be9bcc
f31167e4-c0b7-eb65-8ee6-64e7160e4010,9a11c853-5369-3733-688a-650941be9bcc
d232a809-edaa-cc59-1f58-64e7148998bd,9a11c853-5369-3733-688a-650941be9bcc
da0ccac8-2680-df8d-9fa0-64d1f48e3716,9a11c853-5369-3733-688a-650941be9bcc
2d3e76f9-0092-0f6f-7d2f-64db1bc8883e,9a11c853-5369-3733-688a-650941be9bcc
2199078b-0f04-1a24-8309-64d6e1f6b839,9a11c853-5369-3733-688a-650941be9bcc
8a29afa7-6834-b755-8dcd-64e6d74f2ce3,9a11c853-5369-3733-688a-650941be9bcc
2690a8ef-5e37-c42f-59b8-64e706bcfc38,9a11c853-5369-3733-688a-650941be9bcc
3f8fddb7-4b68-4906-acc7-64cb1a23ee81,9a11c853-5369-3733-688a-650941be9bcc
65c8b329-6331-1d22-ee4d-64cb0c676324,9a11c853-5369-3733-688a-650941be9bcc
cbeee60b-6bb4-6881-945d-64c9c1d5e1fc,9a11c853-5369-3733-688a-650941be9bcc
340c30b8-8e7f-206e-5e5a-64c9f2fe348c,9a11c853-5369-3733-688a-650941be9bcc
1335ad5d-b360-c38d-0c3a-64e0668c93f1,9a11c853-5369-3733-688a-650941be9bcc
87c0c48b-4c0b-2d5f-1bbb-64e47f024d87,9a11c853-5369-3733-688a-650941be9bcc
97e31863-c6fc-b8dd-2b8e-64e6dd69f76e,9a11c853-5369-3733-688a-650941be9bcc
2850c09f-01b1-d6a7-c220-64e57923cfc8,9a11c853-5369-3733-688a-650941be9bcc
e366b142-a402-c94f-ef2b-64e5a2e3cd4e,9a11c853-5369-3733-688a-650941be9bcc
cce357a3-58fa-2841-8435-64dc968bc7f0,9a11c853-5369-3733-688a-650941be9bcc
37b9eb82-9d67-2d34-0b3d-64d32da2a39f,9a11c853-5369-3733-688a-650941be9bcc
39c50e1a-40b4-e53f-1f6a-64cca0943108,9a11c853-5369-3733-688a-650941be9bcc
f00bb69c-b082-129e-e202-64d5ad381ce7,9a11c853-5369-3733-688a-650941be9bcc
7af0b447-b7de-811b-3089-64c8a654f874,9a11c853-5369-3733-688a-650941be9bcc
50f1ab4c-f6c4-2e9a-3a67-64c9c914ed90,9a11c853-5369-3733-688a-650941be9bcc
43bc2d05-6840-8649-689b-64c9f317b42b,9a11c853-5369-3733-688a-650941be9bcc
5a4b5f23-9f8c-b57e-a23a-64e56a7ad7ab,9a11c853-5369-3733-688a-650941be9bcc
3062147e-bd09-52f0-2c95-64ccc8d393f6,9a11c853-5369-3733-688a-650941be9bcc
5b4f8351-c61b-ef93-4dd8-64e065abf68f,9a11c853-5369-3733-688a-650941be9bcc
c149ebd0-b081-26c8-5b4f-64e5696fff63,9a11c853-5369-3733-688a-650941be9bcc
a3b45daf-b116-d3c1-7197-64e5ca7d35f0,9a11c853-5369-3733-688a-650941be9bcc
10fb2bd6-8118-294d-d209-64e02b17d76f,9a11c853-5369-3733-688a-650941be9bcc
25296b84-4071-f484-4218-64e574c5f3ea,9a11c853-5369-3733-688a-650941be9bcc
b547d597-ff33-574b-46e1-64e41b84ef86,9a11c853-5369-3733-688a-650941be9bcc
b784b942-063f-e35a-ff2c-64e565537583,9a11c853-5369-3733-688a-650941be9bcc
e4b273bd-ee73-aa3e-901d-64e4841b408c,9a11c853-5369-3733-688a-650941be9bcc
770b7deb-4d94-3f79-af41-64e46f5d0e25,9a11c853-5369-3733-688a-650941be9bcc
4ebac816-337d-beef-b7fb-64e450742888,9a11c853-5369-3733-688a-650941be9bcc
8c1b3390-4e77-55d2-7864-64d98b35e1ab,9a11c853-5369-3733-688a-650941be9bcc
b2294af2-0871-6fc1-d5c6-64c9fe9b69f7,9a11c853-5369-3733-688a-650941be9bcc
174d9f2d-c718-3016-9ea4-64d30bdb7f30,9a11c853-5369-3733-688a-650941be9bcc
1018d0d7-c698-8a7b-0d4d-64d1a03e666d,9a11c853-5369-3733-688a-650941be9bcc
6945a588-e637-538b-7a81-64d456bb8419,9a11c853-5369-3733-688a-650941be9bcc
20be049c-d9ce-8bf4-99ff-64d2143d3e6a,b55724a4-710b-8d5f-e4f0-64a4d19b1d26
3fc1127c-f0f2-aeb0-1b06-64cc5b1222b7,b55724a4-710b-8d5f-e4f0-64a4d19b1d26
8570d23f-1493-5bb9-b539-64e2cb894f65,b55724a4-710b-8d5f-e4f0-64a4d19b1d26
6c314534-1a97-3d65-08a4-64df3d29002e,b55724a4-710b-8d5f-e4f0-64a4d19b1d26
62750915-19a6-54ef-6a89-64e2c9626cea,b55724a4-710b-8d5f-e4f0-64a4d19b1d26
7cc11798-598a-3c98-484c-64e2ca376840,b55724a4-710b-8d5f-e4f0-64a4d19b1d26
325ba471-1c93-bad4-65be-64db4ef0e769,b55724a4-710b-8d5f-e4f0-64a4d19b1d26
e4c7a0ef-2d26-3b9a-37b6-64e0724180c0,b55724a4-710b-8d5f-e4f0-64a4d19b1d26
bcd7d05c-a002-30c8-2174-64db1c8569fe,b55724a4-710b-8d5f-e4f0-64a4d19b1d26
58535f84-e6aa-be97-161d-64e06481b9c3,b55724a4-710b-8d5f-e4f0-64a4d19b1d26
70b9e63c-cd47-cf35-6bce-64e03d05b18f,b55724a4-710b-8d5f-e4f0-64a4d19b1d26
69b79512-be5c-7efc-f2f7-64e03a4bc35a,b55724a4-710b-8d5f-e4f0-64a4d19b1d26
acbb1cc7-bb01-01dd-4f1b-64e02b08f200,b55724a4-710b-8d5f-e4f0-64a4d19b1d26
12899b2c-758d-9d8c-f036-64d6f79536c7,b55724a4-710b-8d5f-e4f0-64a4d19b1d26
45c33e0c-1e51-9cda-bc04-64e025feea61,b55724a4-710b-8d5f-e4f0-64a4d19b1d26
2de5d655-e0bf-3a27-a1ba-64e022dd1873,b55724a4-710b-8d5f-e4f0-64a4d19b1d26
43188840-8a02-d01f-bda9-64e02292ce5e,b55724a4-710b-8d5f-e4f0-64a4d19b1d26
1ecd529c-4708-0909-0c91-64df48ff52d4,b55724a4-710b-8d5f-e4f0-64a4d19b1d26
8a08731e-d5fa-54dc-b4e6-64decfddcfad,b55724a4-710b-8d5f-e4f0-64a4d19b1d26
6b8fa4d4-fda1-6148-34f6-64df2bdaae3f,b55724a4-710b-8d5f-e4f0-64a4d19b1d26
154d084e-af8d-ee04-7448-64df1879641a,b55724a4-710b-8d5f-e4f0-64a4d19b1d26
37526dd2-3335-8fb7-0887-64df0a8b21e4,b55724a4-710b-8d5f-e4f0-64a4d19b1d26
eb6302ff-e10c-a293-7414-64defa3c73be,b55724a4-710b-8d5f-e4f0-64a4d19b1d26
5b7b5bee-9f42-3c29-f719-64deedb5ab30,b55724a4-710b-8d5f-e4f0-64a4d19b1d26
675b0e57-b954-f567-4084-64dee696d870,b55724a4-710b-8d5f-e4f0-64a4d19b1d26
851809dd-ac52-31ff-bf57-64dedf2fb36d,b55724a4-710b-8d5f-e4f0-64a4d19b1d26
9df61768-5ecb-3695-ae79-64d98794a76a,b55724a4-710b-8d5f-e4f0-64a4d19b1d26
86a3864a-c158-4519-2abb-64cdad907912,b55724a4-710b-8d5f-e4f0-64a4d19b1d26
242000a3-303f-890d-c881-64d6eabe3f2e,b55724a4-710b-8d5f-e4f0-64a4d19b1d26
7317483a-731f-58f5-1168-64cdcf46ca17,b55724a4-710b-8d5f-e4f0-64a4d19b1d26
68c6d499-3db5-112a-39ca-64dece35505b,b55724a4-710b-8d5f-e4f0-64a4d19b1d26
237107ea-a16a-3f5b-d60a-64c8845d26d2,b55724a4-710b-8d5f-e4f0-64a4d19b1d26
775ed955-eefd-90a5-e1cc-64c9d9f219ac,b55724a4-710b-8d5f-e4f0-64a4d19b1d26
ae287fd4-4653-77a6-87e3-64cc63510c5d,b55724a4-710b-8d5f-e4f0-64a4d19b1d26
1efee952-032a-4bf9-eb07-64c9ff0ba2f2,b55724a4-710b-8d5f-e4f0-64a4d19b1d26
b3fecb1a-36ed-75bd-cf28-64d34b8e3a9c,b55724a4-710b-8d5f-e4f0-64a4d19b1d26
2f7cc6e8-e2bf-7910-d745-64cc60686cad,b55724a4-710b-8d5f-e4f0-64a4d19b1d26
ebb403b3-395a-47bf-ce5b-64ddd8a63d3a,b55724a4-710b-8d5f-e4f0-64a4d19b1d26
377f64a8-b323-8807-26b7-64dda3fdb000,b55724a4-710b-8d5f-e4f0-64a4d19b1d26
c29203c5-e216-fdad-357a-64dda3fce2e8,b55724a4-710b-8d5f-e4f0-64a4d19b1d26
a1f752a5-4b04-7a6a-435d-64dd7b327c2f,b55724a4-710b-8d5f-e4f0-64a4d19b1d26
c3c62222-b0e1-6d81-e4f3-64dd7bbe4a7b,b55724a4-710b-8d5f-e4f0-64a4d19b1d26
d3d833d5-2079-ea12-a739-64dd7af913d4,b55724a4-710b-8d5f-e4f0-64a4d19b1d26
47711a41-e0b8-04c8-75fb-64db46de30da,b55724a4-710b-8d5f-e4f0-64a4d19b1d26
5e0a5d29-5d3a-67bd-616c-64dc2a5b3490,b55724a4-710b-8d5f-e4f0-64a4d19b1d26
1de7d262-4752-4ad1-ad9d-64dc3a231386,b55724a4-710b-8d5f-e4f0-64a4d19b1d26
92ac962c-ed8b-3829-09ec-64dc2cbab66d,b55724a4-710b-8d5f-e4f0-64a4d19b1d26
c380a1cd-156b-9f62-6fec-64dc33512ed8,b55724a4-710b-8d5f-e4f0-64a4d19b1d26
b60fc6a7-4176-ad37-2372-64dc293683cc,b55724a4-710b-8d5f-e4f0-64a4d19b1d26
b4b91f9c-8e3b-afb0-b1ab-64dc3211afbf,b55724a4-710b-8d5f-e4f0-64a4d19b1d26
15dcfa98-6cd0-46ca-f6f8-64dc310af45b,b55724a4-710b-8d5f-e4f0-64a4d19b1d26
93ddbf0c-036f-0b55-4b86-64dc301948cd,b55724a4-710b-8d5f-e4f0-64a4d19b1d26
9f87f93c-1d72-2314-2f21-64db34c2fc69,b55724a4-710b-8d5f-e4f0-64a4d19b1d26
6df478ef-a57d-5927-a0ef-64cb11e7e643,b55724a4-710b-8d5f-e4f0-64a4d19b1d26
117c8d37-9650-50ab-49f0-64cc99223a3a,b55724a4-710b-8d5f-e4f0-64a4d19b1d26
bed41048-a911-a081-3908-64d0753a4d31,b55724a4-710b-8d5f-e4f0-64a4d19b1d26
2a3c6f58-0957-ff74-da09-64d1acdc9998,b55724a4-710b-8d5f-e4f0-64a4d19b1d26
cda007b3-7af3-1ef0-4d86-64d2f1a75eca,b55724a4-710b-8d5f-e4f0-64a4d19b1d26
e7b9360f-e7f8-35e4-f4fa-64d2edd5e5d0,b55724a4-710b-8d5f-e4f0-64a4d19b1d26
82da3cbc-2f64-aeff-13dc-64d35e7b7a3d,b55724a4-710b-8d5f-e4f0-64a4d19b1d26
bd5d3d3a-dfb6-6d67-80e5-64d35578afb5,b55724a4-710b-8d5f-e4f0-64a4d19b1d26
6a5c7d75-3d32-a01d-fe29-64d44779605f,b55724a4-710b-8d5f-e4f0-64a4d19b1d26
8ab70576-f4d6-bfd2-b476-64db25c301cc,b55724a4-710b-8d5f-e4f0-64a4d19b1d26
1f751e45-3bb7-66b0-e1a8-64d446b0d1ee,b55724a4-710b-8d5f-e4f0-64a4d19b1d26
275689c0-51d2-2ed8-f295-64d6e50a9b09,b55724a4-710b-8d5f-e4f0-64a4d19b1d26
af030de0-767d-4bf9-e33b-64d6ff10d988,b55724a4-710b-8d5f-e4f0-64a4d19b1d26
145e23a0-ad1e-5e4e-dc41-64c9ca41313f,b55724a4-710b-8d5f-e4f0-64a4d19b1d26
89ca25e0-ac01-96db-1761-64d0738b3d93,b55724a4-710b-8d5f-e4f0-64a4d19b1d26
77f0d91e-7e45-9d09-03e6-64d0b443fcd8,b55724a4-710b-8d5f-e4f0-64a4d19b1d26
6329d633-30f4-b3bc-18a1-64c8875d39ba,b55724a4-710b-8d5f-e4f0-64a4d19b1d26
9931e4b3-2269-1387-421b-64c9c2e6b98a,b55724a4-710b-8d5f-e4f0-64a4d19b1d26
5869fb2a-9a14-7e0d-2346-64cc97ad02b4,b55724a4-710b-8d5f-e4f0-64a4d19b1d26
19004a97-ab80-5912-9d44-64d0785d5752,b55724a4-710b-8d5f-e4f0-64a4d19b1d26
eaf18dac-6f81-1ce9-9fec-64ca126296e3,b55724a4-710b-8d5f-e4f0-64a4d19b1d26
75cb6445-05f8-1595-a876-64cdce4c9731,b55724a4-710b-8d5f-e4f0-64a4d19b1d26
252fcca3-cb45-4410-8255-64c9c4fcf349,b55724a4-710b-8d5f-e4f0-64a4d19b1d26
50fc07b0-0604-ba68-fd99-64d2135cc072,b55724a4-710b-8d5f-e4f0-64a4d19b1d26
4b24dd31-d7d2-0e05-ccf7-64c8abae1333,b55724a4-710b-8d5f-e4f0-64a4d19b1d26
5ca277ac-0549-7f6b-e2ae-64ca1104e862,b55724a4-710b-8d5f-e4f0-64a4d19b1d26
ce8e2d53-6133-a9e1-71bf-64c879b87959,b55724a4-710b-8d5f-e4f0-64a4d19b1d26
1ed87e27-5dd2-02e7-8250-64cb111ded8a,b55724a4-710b-8d5f-e4f0-64a4d19b1d26
d279dcf0-8074-75ab-e73f-64db027c1b6c,b55724a4-710b-8d5f-e4f0-64a4d19b1d26
231e96dd-09de-e2d5-bc39-64cb21501e97,b55724a4-710b-8d5f-e4f0-64a4d19b1d26
35f0397a-205b-9f9b-fb36-64dafd5057d2,b55724a4-710b-8d5f-e4f0-64a4d19b1d26
690aae00-bd03-d671-cc2b-64ca11a953c6,b55724a4-710b-8d5f-e4f0-64a4d19b1d26
15112437-4c73-0b02-b63b-64cc5a84866c,b55724a4-710b-8d5f-e4f0-64a4d19b1d26
6d4cd16a-06e4-6563-8f1a-64cca0612e99,b55724a4-710b-8d5f-e4f0-64a4d19b1d26
9c541b41-534a-edb2-acc8-64cda84aba19,b55724a4-710b-8d5f-e4f0-64a4d19b1d26
6d44b765-ae3b-735d-038b-64dae9322264,b55724a4-710b-8d5f-e4f0-64a4d19b1d26
108e021c-dc1f-8df3-d5d3-64d9c607709e,b55724a4-710b-8d5f-e4f0-64a4d19b1d26
e32b248e-5a35-15d8-8040-64d9f2ef346f,b55724a4-710b-8d5f-e4f0-64a4d19b1d26
7637e697-7f1b-775b-456a-64d9abd71514,b55724a4-710b-8d5f-e4f0-64a4d19b1d26
23c40493-95d5-b61a-3856-64d9c4b2e603,b55724a4-710b-8d5f-e4f0-64a4d19b1d26
1b0c175f-8ab5-ae02-a301-64d9a387b0b8,b55724a4-710b-8d5f-e4f0-64a4d19b1d26
c55c2a6e-8110-1b73-d85e-64d997ede650,b55724a4-710b-8d5f-e4f0-64a4d19b1d26
e782b777-bf3d-7a7d-5c8b-64d051587181,b55724a4-710b-8d5f-e4f0-64a4d19b1d26
62c7869d-3154-5d95-17f1-64cdac205292,b55724a4-710b-8d5f-e4f0-64a4d19b1d26
d46f1b00-228b-32c6-c48d-64d72b9895aa,b55724a4-710b-8d5f-e4f0-64a4d19b1d26
f40035a9-b2d6-15fb-6cfc-64d302f57f27,b55724a4-710b-8d5f-e4f0-64a4d19b1d26
7b7005c9-dcd1-5a30-9a42-64d98d34b879,b55724a4-710b-8d5f-e4f0-64a4d19b1d26
