ed9edb02-fb22-64c0-7f04-65091a1d2c00,b55724a4-710b-8d5f-e4f0-64a4d19b1d26
d9c1a861-aaa0-4f6c-75ea-6508098d7eff,9a11c853-5369-3733-688a-650941be9bcc
bbc94ec7-a3e2-ee01-f18e-65080474fbe8,b55724a4-710b-8d5f-e4f0-64a4d19b1d26
9f81d925-78ae-fa1c-f31d-64f8428d19eb,9a11c853-5369-3733-688a-650941be9bcc
88df6e00-5cad-9166-8a47-65052c47dc88,b55724a4-710b-8d5f-e4f0-64a4d19b1d26
1a93dd24-1e34-be9d-ee8a-64f555d5c112,9a11c853-5369-3733-688a-650941be9bcc
ab1ad3fe-9860-1ee2-a41d-6505167ab5cd,b55724a4-710b-8d5f-e4f0-64a4d19b1d26
f186bbb8-290f-505f-f614-64f691b0a83f,9a11c853-5369-3733-688a-650941be9bcc
ee6bd2c9-c95d-0639-4e1e-64f6a15e4822,b55724a4-710b-8d5f-e4f0-64a4d19b1d26
b18db64f-0cba-8e4e-b4fd-65001d326373,9a11c853-5369-3733-688a-650941be9bcc
99bdf23e-dcc9-78f6-5a20-650165ddf937,b55724a4-710b-8d5f-e4f0-64a4d19b1d26
1891008d-ef84-e18f-b363-65028ae45189,9a11c853-5369-3733-688a-650941be9bcc
9a33e79c-9f78-3cf8-4596-6500015f4b97,b55724a4-710b-8d5f-e4f0-64a4d19b1d26
ac5b063d-4d4e-cb60-0e7e-64ffea418fbe,9a11c853-5369-3733-688a-650941be9bcc
4165a495-589f-222b-5a7f-64fbcf570d78,b55724a4-710b-8d5f-e4f0-64a4d19b1d26
2d9ffe09-b81a-921a-c99d-64f694ba4251,9a11c853-5369-3733-688a-650941be9bcc
55cc0248-5cde-2ce7-0718-64fec3e30841,b55724a4-710b-8d5f-e4f0-64a4d19b1d26
90f008a6-3a84-f62c-4e91-64fe9b2590e4,9a11c853-5369-3733-688a-650941be9bcc
18e904e2-e6c5-9120-3494-64fe77c0e410,b55724a4-710b-8d5f-e4f0-64a4d19b1d26
112f2b2f-698d-543e-3d59-64fbe3184847,9a11c853-5369-3733-688a-650941be9bcc
18907f93-7f97-f7f9-089a-64fbdc59d2f8,b55724a4-710b-8d5f-e4f0-64a4d19b1d26
e0d504f5-b31d-5c98-c899-64faf13e6368,9a11c853-5369-3733-688a-650941be9bcc
990b89aa-e8a4-c3c3-0ce1-64fabdd78d60,b55724a4-710b-8d5f-e4f0-64a4d19b1d26
3d3d869f-5127-73c6-51eb-64fa7c1beb31,9a11c853-5369-3733-688a-650941be9bcc
955002e1-965e-ed83-63af-64f8414ef01c,b55724a4-710b-8d5f-e4f0-64a4d19b1d26
d6450992-3e49-07e9-b019-64f81a1351fd,9a11c853-5369-3733-688a-650941be9bcc
6c9ddbbe-1e70-317d-8760-64f81811d5e4,b55724a4-710b-8d5f-e4f0-64a4d19b1d26
9ecc7a27-90e5-669d-1d6b-64f6dd1e40a6,9a11c853-5369-3733-688a-650941be9bcc
b78116d2-76e9-c7b1-4959-64f6b274bc91,b55724a4-710b-8d5f-e4f0-64a4d19b1d26
35d9694a-3117-fc7c-8a4c-64f6a97911e4,9a11c853-5369-3733-688a-650941be9bcc
1c144161-b7a4-0b3c-9789-64f68aa2358a,b55724a4-710b-8d5f-e4f0-64a4d19b1d26
ecd8d9f0-dc46-7804-ccd4-64f593acde53,9a11c853-5369-3733-688a-650941be9bcc
9f56a430-db97-e7b3-31f3-64f57466049f,b55724a4-710b-8d5f-e4f0-64a4d19b1d26
41c69469-d7b1-7311-55f0-64f576316f95,9a11c853-5369-3733-688a-650941be9bcc
a953e7f5-03b7-3189-ccb8-64f579739b0d,b55724a4-710b-8d5f-e4f0-64a4d19b1d26
b6a60a10-2c20-95fb-804b-64f55f18e0f9,9a11c853-5369-3733-688a-650941be9bcc
4875a3f3-8578-6622-9467-64f5566841ca,b55724a4-710b-8d5f-e4f0-64a4d19b1d26
267fec6e-8f6e-d6e4-fd8f-64f55063c712,9a11c853-5369-3733-688a-650941be9bcc
11d2b11c-36c7-2e5f-32df-64f549f0ae3b,b55724a4-710b-8d5f-e4f0-64a4d19b1d26
ec8d4a4e-0532-cb1f-c1df-64f537c92e4e,9a11c853-5369-3733-688a-650941be9bcc
8cbc0eea-b024-719b-32d4-64f545538c4c,b55724a4-710b-8d5f-e4f0-64a4d19b1d26
